{"stats":{"minecraft:used":{"minecraft:dirt":4},"minecraft:custom":{"minecraft:jump":161,"minecraft:time_since_rest":4680,"minecraft:damage_dealt":10,"minecraft:walk_on_water_one_cm":838,"minecraft:sprint_one_cm":19852,"minecraft:play_time":4680,"minecraft:damage_taken":10,"minecraft:time_since_death":4680,"minecraft:walk_one_cm":13111,"minecraft:sneak_time":5,"minecraft:total_world_time":4680,"minecraft:fall_one_cm":3853,"minecraft:fly_one_cm":39181},"minecraft:mined":{"minecraft:grass_block":3,"minecraft:dirt":1},"minecraft:picked_up":{"minecraft:dirt":4}},"DataVersion":3465}