{"stats":{"minecraft:picked_up":{"irons_spellbooks:scroll":1,"majruszsdifficulty:tattered_boots":1,"minecraft:coarse_dirt":28,"minecraft:crafting_table":5,"simplyswords:diamond_katana":1,"minecraft:enchanted_book":4,"minecraft:string":17,"minecraft:cracked_stone_bricks":1,"irons_spellbooks:arcane_essence":9,"minecraft:beef":6,"minecraft:white_tulip":13,"irons_spellbooks:epic_ink":1,"minecraft:poppy":1,"alexsmobs:raccoon_tail":1,"minecraft:spruce_trapdoor":5,"minecraft:egg":1,"minecraft:dark_oak_door":1,"minecraft:tipped_arrow":4,"spartanweaponry:wooden_heavy_crossbow":1,"minecraft:stick":6,"minecraft:raw_iron":19,"sophisticatedbackpacks:backpack":1,"tombstone:grave_dust":20,"minecraft:carrot":1,"irons_spellbooks:evocation_rune":1,"minecraft:arrow":63,"minecraft:rotten_flesh":82,"minecraft:red_tulip":2,"tombstone:essence_of_undeath":1,"minecraft:mutton":13,"minecraft:cobblestone":292,"minecraft:white_wool":10,"minecraft:birch_log":58,"spartanweaponry:iron_warhammer":1,"minecraft:leather":4,"immersive_weathering:sandy_dirt":1,"majruszsdifficulty:cloth":8,"alexsmobs:bear_fur":1,"minecraft:oak_log":2,"minecraft:lily_pad":1,"minecraft:gunpowder":13,"minecraft:dirt":164,"minecraft:white_banner":3,"minecraft:polished_granite":2,"minecraft:red_carpet":1,"minecraft:bone":70,"minecraft:apple":1,"minecraft:stone_bricks":5,"minecraft:bow":1,"spartanweaponry:iron_greatsword":1,"minecraft:wheat_seeds":11,"minecraft:orange_tulip":21,"majruszsdifficulty:tattered_leggings":1,"minecraft:iron_ingot":16,"minecraft:mossy_stone_bricks":2,"minecraft:moss_block":15,"minecraft:iron_sword":1,"irons_spellbooks:frozen_bone":34,"minecraft:dandelion":15,"minecraft:gravel":8,"minecraft:spruce_sapling":2,"minecraft:spruce_log":3,"minecraft:lily_of_the_valley":1,"minecraft:dark_oak_log":1,"minecraft:spruce_door":1,"minecraft:spider_eye":3,"spartanweaponry:iron_battle_hammer":2,"minecraft:bundle":2,"irons_spellbooks:magehunter":1,"minecraft:emerald":1,"alexsmobs:maggot":9,"tombstone:magic_scroll":1,"minecraft:black_wool":1,"minecraft:coal":20,"minecraft:ender_pearl":3},"minecraft:custom":{"minecraft:mob_kills":158,"minecraft:interact_with_crafting_table":8,"minecraft:open_barrel":16,"minecraft:leave_game":4,"minecraft:time_since_death":29847,"minecraft:climb_one_cm":2638,"minecraft:sprint_one_cm":283306,"minecraft:walk_one_cm":381563,"minecraft:drop":88,"minecraft:damage_dealt_absorbed":119,"minecraft:talked_to_villager":10,"minecraft:play_time":111827,"minecraft:deaths":11,"minecraft:sneak_time":3141,"minecraft:walk_under_water_one_cm":3726,"minecraft:boat_one_cm":137925,"minecraft:jump":2929,"minecraft:walk_on_water_one_cm":11367,"minecraft:total_world_time":111827,"minecraft:interact_with_furnace":4,"tombstone:raider_killed":20,"minecraft:sleep_in_bed":1,"minecraft:time_since_rest":29771,"minecraft:damage_taken":11790,"minecraft:damage_absorbed":962,"minecraft:damage_dealt":28893,"minecraft:swim_one_cm":4666,"minecraft:fly_one_cm":683072,"minecraft:open_chest":28,"minecraft:crouch_one_cm":8452,"tombstone:undead_killed":93,"minecraft:fall_one_cm":91575},"minecraft:crafted":{"minecraft:oak_planks":8,"minecraft:birch_boat":1,"minecraft:furnace":1,"minecraft:crafting_table":2,"minecraft:spruce_planks":12,"minecraft:copper_ingot":12,"minecraft:birch_planks":20,"minecraft:air":0,"simplyswords:diamond_katana":1,"minecraft:charcoal":35,"minecraft:stick":4,"minecraft:iron_pickaxe":1,"minecraft:wooden_axe":2},"minecraft:dropped":{"minecraft:enchanted_book":7,"minecraft:iron_ingot":5,"minecraft:iron_sword":1,"minecraft:wheat_seeds":14,"minecraft:orange_tulip":22,"minecraft:cobblestone":247,"minecraft:red_carpet":1,"minecraft:stick":3,"minecraft:dirt":162,"tombstone:grave_key":3,"spartanweaponry:iron_greatsword":1,"tombstone:grave_dust":8,"irons_spellbooks:arcane_essence":2,"spartanweaponry:wooden_heavy_crossbow":2,"minecraft:string":14,"irons_spellbooks:frozen_bone":34,"minecraft:lily_pad":1,"minecraft:white_wool":3,"minecraft:dandelion":16,"minecraft:bone":81,"spartanweaponry:iron_battle_hammer":1,"minecraft:gravel":8,"minecraft:dark_oak_door":1,"majruszsdifficulty:cloth":16,"minecraft:white_tulip":13,"alexsmobs:maggot":8,"minecraft:raw_iron":3,"minecraft:rotten_flesh":84,"alexsmobs:bear_fur":1,"minecraft:carrot":1,"minecraft:lily_of_the_valley":2,"minecraft:poppy":1,"spartanweaponry:iron_warhammer":1,"minecraft:tipped_arrow":4,"minecraft:gunpowder":2,"minecraft:spruce_planks":2,"minecraft:spider_eye":2,"minecraft:bow":1,"minecraft:beef":6,"minecraft:red_tulip":2,"minecraft:polished_granite":2},"minecraft:killed_by":{"minecraft:skeleton":2,"minecraft:zombie":3},"minecraft:used":{"minecraft:moss_block":10,"minecraft:spruce_planks":6,"minecraft:iron_sword":8,"minecraft:rotten_flesh":2,"minecraft:dirt":34,"spartanweaponry:iron_javelin":17,"minecraft:wooden_axe":83,"alexsmobs:maggot":1,"minecraft:stone_bricks":1,"minecraft:furnace":1,"spartanweaponry:iron_battle_hammer":1,"tombstone:gift":6,"simplyswords:iron_spear":9,"minecraft:spruce_door":1,"simplyswords:diamond_katana":571,"minecraft:birch_planks":3,"minecraft:oak_planks":5,"minecraft:birch_boat":1,"minecraft:crafting_table":6,"minecraft:spider_eye":1,"majruszsdifficulty:undead_army_treasure_bag":1,"minecraft:iron_pickaxe":219,"tombstone:magic_scroll":3,"minecraft:spruce_sapling":2,"minecraft:cobblestone":38,"minecraft:white_banner":3,"majruszsdifficulty:bandage":8,"minecraft:coarse_dirt":2},"minecraft:broken":{"majruszsdifficulty:tattered_boots":1,"majruszsdifficulty:tattered_leggings":1,"minecraft:iron_pickaxe":1,"minecraft:wooden_axe":1},"minecraft:killed":{"irons_spellbooks:summoned_zombie":1,"alexsmobs:raccoon":1,"minecraft:vindicator":1,"minecraft:spider":5,"minecraft:skeleton":35,"irons_spellbooks:archevoker":1,"minecraft:husk":4,"alexsmobs:grizzly_bear":2,"irons_spellbooks:necromancer":1,"minecraft:creeper":6,"minecraft:sheep":8,"minecraft:pillager":18,"minecraft:zombie":44,"minecraft:stray":8,"alexsmobs:fly":1,"minecraft:cow":3},"minecraft:mined":{"minecraft:large_amethyst_bud":1,"minecraft:dark_oak_log":1,"minecraft:grass_block":17,"minecraft:spruce_leaves":10,"minecraft:moss_block":16,"minecraft:iron_ore":16,"minecraft:vine":1,"minecraft:stone":134,"minecraft:medium_amethyst_bud":1,"minecraft:crafting_table":5,"minecraft:emerald_ore":1,"immersive_weathering:sandy_dirt":1,"minecraft:tall_grass":1,"minecraft:cobblestone":7,"minecraft:coarse_dirt":2,"minecraft:birch_log":68,"minecraft:spruce_log":3,"minecraft:birch_leaves":4,"minecraft:grass":5,"minecraft:oak_log":2,"minecraft:coal_ore":20,"minecraft:gravel":4,"minecraft:dirt":28,"minecraft:cracked_stone_bricks":1,"minecraft:stone_bricks":5}},"DataVersion":3465}