{"stats":{"minecraft:picked_up":{"majruszsdifficulty:tattered_boots":1,"minecraft:coarse_dirt":28,"minecraft:crafting_table":5,"simplyswords:diamond_katana":1,"minecraft:enchanted_book":4,"minecraft:string":17,"irons_spellbooks:arcane_essence":2,"minecraft:beef":6,"minecraft:white_tulip":13,"minecraft:poppy":1,"minecraft:spruce_trapdoor":5,"minecraft:egg":1,"minecraft:dark_oak_door":1,"minecraft:tipped_arrow":4,"spartanweaponry:wooden_heavy_crossbow":1,"minecraft:stick":6,"minecraft:raw_iron":19,"sophisticatedbackpacks:backpack":1,"tombstone:grave_dust":20,"minecraft:carrot":1,"minecraft:arrow":63,"minecraft:rotten_flesh":80,"minecraft:red_tulip":2,"tombstone:essence_of_undeath":1,"minecraft:mutton":13,"minecraft:cobblestone":292,"minecraft:white_wool":10,"minecraft:birch_log":58,"spartanweaponry:iron_warhammer":1,"minecraft:leather":4,"immersive_weathering:sandy_dirt":1,"majruszsdifficulty:cloth":8,"alexsmobs:bear_fur":1,"minecraft:oak_log":2,"minecraft:lily_pad":1,"minecraft:gunpowder":13,"minecraft:dirt":162,"minecraft:polished_granite":2,"minecraft:bone":70,"minecraft:apple":1,"minecraft:bow":1,"spartanweaponry:iron_greatsword":1,"minecraft:wheat_seeds":11,"minecraft:orange_tulip":21,"majruszsdifficulty:tattered_leggings":1,"minecraft:iron_ingot":15,"minecraft:mossy_stone_bricks":2,"minecraft:moss_block":15,"minecraft:iron_sword":1,"irons_spellbooks:frozen_bone":34,"minecraft:dandelion":15,"minecraft:gravel":8,"minecraft:spruce_sapling":2,"minecraft:spruce_log":3,"minecraft:lily_of_the_valley":1,"minecraft:spider_eye":3,"spartanweaponry:iron_battle_hammer":2,"minecraft:bundle":2,"minecraft:emerald":1,"alexsmobs:maggot":9,"tombstone:magic_scroll":1,"minecraft:black_wool":1,"minecraft:coal":20,"minecraft:ender_pearl":3},"minecraft:custom":{"minecraft:mob_kills":136,"minecraft:interact_with_crafting_table":8,"minecraft:open_barrel":7,"minecraft:leave_game":4,"minecraft:time_since_death":17847,"minecraft:climb_one_cm":2046,"minecraft:sprint_one_cm":266059,"minecraft:walk_one_cm":338613,"minecraft:drop":81,"minecraft:damage_dealt_absorbed":119,"minecraft:talked_to_villager":10,"minecraft:play_time":99827,"minecraft:deaths":11,"minecraft:sneak_time":2506,"minecraft:walk_under_water_one_cm":3726,"minecraft:boat_one_cm":137925,"minecraft:jump":2677,"minecraft:walk_on_water_one_cm":11367,"minecraft:total_world_time":99827,"minecraft:interact_with_furnace":4,"tombstone:raider_killed":1,"minecraft:sleep_in_bed":1,"minecraft:time_since_rest":17771,"minecraft:damage_taken":10793,"minecraft:damage_absorbed":962,"minecraft:damage_dealt":23549,"minecraft:swim_one_cm":4666,"minecraft:fly_one_cm":631997,"minecraft:open_chest":22,"minecraft:crouch_one_cm":6963,"tombstone:undead_killed":92,"minecraft:fall_one_cm":81009},"minecraft:crafted":{"minecraft:oak_planks":8,"minecraft:birch_boat":1,"minecraft:furnace":1,"minecraft:crafting_table":2,"minecraft:spruce_planks":12,"minecraft:copper_ingot":12,"minecraft:birch_planks":20,"minecraft:air":0,"simplyswords:diamond_katana":1,"minecraft:charcoal":35,"minecraft:stick":4,"minecraft:iron_pickaxe":1,"minecraft:wooden_axe":2},"minecraft:dropped":{"minecraft:enchanted_book":7,"minecraft:iron_ingot":5,"minecraft:iron_sword":1,"minecraft:wheat_seeds":13,"minecraft:orange_tulip":22,"minecraft:cobblestone":247,"minecraft:stick":3,"minecraft:dirt":145,"tombstone:grave_key":3,"spartanweaponry:iron_greatsword":1,"tombstone:grave_dust":8,"irons_spellbooks:arcane_essence":2,"spartanweaponry:wooden_heavy_crossbow":2,"minecraft:string":14,"irons_spellbooks:frozen_bone":34,"minecraft:lily_pad":1,"minecraft:white_wool":3,"minecraft:dandelion":16,"minecraft:bone":6,"spartanweaponry:iron_battle_hammer":1,"minecraft:gravel":8,"minecraft:dark_oak_door":1,"majruszsdifficulty:cloth":16,"minecraft:white_tulip":13,"alexsmobs:maggot":8,"minecraft:raw_iron":3,"minecraft:rotten_flesh":84,"alexsmobs:bear_fur":1,"minecraft:carrot":1,"minecraft:lily_of_the_valley":2,"minecraft:poppy":1,"spartanweaponry:iron_warhammer":1,"minecraft:tipped_arrow":4,"minecraft:gunpowder":2,"minecraft:spider_eye":2,"minecraft:bow":1,"minecraft:beef":6,"minecraft:red_tulip":2,"minecraft:polished_granite":2},"minecraft:killed_by":{"minecraft:skeleton":2,"minecraft:zombie":3},"minecraft:used":{"minecraft:moss_block":10,"minecraft:iron_sword":8,"minecraft:rotten_flesh":2,"minecraft:dirt":34,"spartanweaponry:iron_javelin":5,"minecraft:wooden_axe":82,"alexsmobs:maggot":1,"minecraft:furnace":1,"spartanweaponry:iron_battle_hammer":1,"tombstone:gift":4,"simplyswords:iron_spear":9,"simplyswords:diamond_katana":468,"minecraft:birch_planks":3,"minecraft:oak_planks":5,"minecraft:birch_boat":1,"minecraft:crafting_table":6,"minecraft:spider_eye":1,"majruszsdifficulty:undead_army_treasure_bag":1,"minecraft:iron_pickaxe":213,"tombstone:magic_scroll":3,"minecraft:spruce_sapling":2,"minecraft:cobblestone":38,"majruszsdifficulty:bandage":6,"minecraft:coarse_dirt":2},"minecraft:broken":{"majruszsdifficulty:tattered_boots":1,"majruszsdifficulty:tattered_leggings":1,"minecraft:iron_pickaxe":1,"minecraft:wooden_axe":1},"minecraft:killed":{"irons_spellbooks:summoned_zombie":1,"minecraft:spider":5,"minecraft:skeleton":35,"minecraft:husk":4,"alexsmobs:grizzly_bear":2,"irons_spellbooks:necromancer":1,"minecraft:creeper":6,"minecraft:sheep":8,"minecraft:zombie":43,"minecraft:stray":8,"alexsmobs:fly":1,"minecraft:cow":3},"minecraft:mined":{"minecraft:large_amethyst_bud":1,"minecraft:grass_block":16,"minecraft:spruce_leaves":9,"minecraft:moss_block":16,"minecraft:iron_ore":16,"minecraft:vine":1,"minecraft:stone":134,"minecraft:medium_amethyst_bud":1,"minecraft:crafting_table":5,"minecraft:emerald_ore":1,"immersive_weathering:sandy_dirt":1,"minecraft:tall_grass":1,"minecraft:cobblestone":7,"minecraft:coarse_dirt":2,"minecraft:birch_log":68,"minecraft:spruce_log":3,"minecraft:birch_leaves":4,"minecraft:grass":5,"minecraft:oak_log":2,"minecraft:coal_ore":20,"minecraft:gravel":4,"minecraft:dirt":28}},"DataVersion":3465}