{"stats":{"minecraft:used":{"minecraft:moss_block":10,"minecraft:dirt":10,"minecraft:oak_planks":5,"simplyswords:iron_spear":9},"minecraft:custom":{"minecraft:open_barrel":5,"minecraft:open_chest":4,"minecraft:time_since_rest":1,"minecraft:deaths":2,"minecraft:crouch_one_cm":866,"minecraft:play_time":16977,"minecraft:sprint_one_cm":55226,"minecraft:damage_taken":526,"minecraft:walk_one_cm":66610,"minecraft:sneak_time":280,"minecraft:mob_kills":2,"minecraft:jump":435,"minecraft:damage_dealt":358,"minecraft:leave_game":1,"minecraft:time_since_death":5,"minecraft:walk_on_water_one_cm":1174,"minecraft:total_world_time":16977,"minecraft:climb_one_cm":272,"minecraft:fall_one_cm":10733,"minecraft:fly_one_cm":92964},"minecraft:mined":{"minecraft:grass_block":8,"minecraft:oak_log":2,"minecraft:dirt":2,"minecraft:moss_block":16},"minecraft:crafted":{"minecraft:oak_planks":8},"minecraft:picked_up":{"minecraft:oak_log":2,"minecraft:mossy_stone_bricks":2,"minecraft:moss_block":15,"minecraft:string":2,"minecraft:spruce_trapdoor":5,"minecraft:dirt":13},"minecraft:killed":{"minecraft:spider":1,"minecraft:creeper":1}},"DataVersion":3465}