{"stats":{"minecraft:picked_up":{"minecraft:birch_log":58,"minecraft:stick":1,"minecraft:crafting_table":4,"minecraft:raw_iron":1,"minecraft:coarse_dirt":28,"immersive_weathering:sandy_dirt":1,"minecraft:oak_log":2,"minecraft:lily_pad":1,"minecraft:string":4,"minecraft:dirt":20,"minecraft:mossy_stone_bricks":2,"minecraft:moss_block":15,"minecraft:coal":18,"minecraft:spruce_trapdoor":5,"minecraft:cobblestone":18,"minecraft:egg":1},"minecraft:custom":{"minecraft:time_since_rest":15775,"minecraft:interact_with_furnace":1,"minecraft:sprint_one_cm":125917,"minecraft:damage_taken":2547,"minecraft:walk_one_cm":132156,"minecraft:mob_kills":6,"minecraft:drop":5,"minecraft:damage_dealt":1051,"minecraft:interact_with_crafting_table":6,"minecraft:swim_one_cm":4666,"minecraft:fly_one_cm":305506,"minecraft:open_barrel":7,"minecraft:open_chest":5,"minecraft:crouch_one_cm":2364,"minecraft:play_time":48408,"minecraft:deaths":8,"minecraft:sneak_time":1594,"minecraft:walk_under_water_one_cm":3726,"minecraft:boat_one_cm":137925,"minecraft:jump":1321,"minecraft:leave_game":2,"minecraft:walk_on_water_one_cm":11367,"minecraft:time_since_death":17345,"minecraft:climb_one_cm":439,"minecraft:total_world_time":48408,"minecraft:fall_one_cm":29849},"minecraft:crafted":{"minecraft:oak_planks":8,"minecraft:crafting_table":1,"minecraft:stick":4,"minecraft:birch_boat":1,"minecraft:wooden_axe":2,"minecraft:furnace":1,"minecraft:birch_planks":20},"minecraft:dropped":{"tombstone:grave_key":3,"minecraft:raw_iron":1,"minecraft:lily_pad":1},"minecraft:killed_by":{"minecraft:skeleton":1,"minecraft:zombie":2},"minecraft:used":{"simplyswords:iron_spear":9,"minecraft:moss_block":10,"minecraft:wooden_axe":77,"minecraft:iron_pickaxe":37,"minecraft:oak_planks":5,"minecraft:birch_boat":1,"minecraft:iron_sword":7,"minecraft:dirt":15,"minecraft:cobblestone":1,"minecraft:crafting_table":4,"minecraft:furnace":1,"tombstone:gift":2,"minecraft:coarse_dirt":2},"minecraft:killed":{"minecraft:spider":1,"minecraft:creeper":1},"minecraft:broken":{"minecraft:wooden_axe":1},"minecraft:mined":{"minecraft:coarse_dirt":2,"minecraft:birch_log":68,"minecraft:birch_leaves":3,"minecraft:crafting_table":4,"minecraft:grass":1,"minecraft:coal_ore":18,"immersive_weathering:sandy_dirt":1,"minecraft:grass_block":11,"minecraft:oak_log":2,"minecraft:vine":1,"minecraft:dirt":6,"minecraft:stone":18,"minecraft:moss_block":16}},"DataVersion":3465}