{"stats":{"minecraft:picked_up":{"minecraft:birch_log":58,"majruszsdifficulty:tattered_boots":1,"minecraft:coarse_dirt":28,"minecraft:crafting_table":4,"spartanweaponry:iron_warhammer":1,"simplyswords:diamond_katana":1,"minecraft:leather":4,"immersive_weathering:sandy_dirt":1,"majruszsdifficulty:cloth":8,"minecraft:enchanted_book":3,"minecraft:oak_log":2,"minecraft:lily_pad":1,"minecraft:gunpowder":13,"minecraft:dirt":132,"minecraft:string":17,"minecraft:polished_granite":2,"minecraft:bone":70,"minecraft:apple":1,"spartanweaponry:iron_greatsword":1,"minecraft:orange_tulip":21,"minecraft:bow":1,"irons_spellbooks:arcane_essence":2,"minecraft:wheat_seeds":10,"majruszsdifficulty:tattered_leggings":1,"minecraft:white_tulip":13,"minecraft:iron_ingot":15,"minecraft:beef":6,"minecraft:poppy":1,"minecraft:mossy_stone_bricks":2,"minecraft:moss_block":15,"minecraft:iron_sword":1,"minecraft:spruce_trapdoor":5,"minecraft:tipped_arrow":4,"minecraft:egg":1,"minecraft:dark_oak_door":1,"spartanweaponry:wooden_heavy_crossbow":1,"minecraft:stick":2,"minecraft:raw_iron":12,"irons_spellbooks:frozen_bone":34,"minecraft:dandelion":15,"sophisticatedbackpacks:backpack":1,"tombstone:grave_dust":20,"minecraft:carrot":1,"minecraft:lily_of_the_valley":1,"minecraft:spider_eye":3,"spartanweaponry:iron_battle_hammer":2,"minecraft:bundle":2,"minecraft:arrow":63,"minecraft:rotten_flesh":80,"minecraft:red_tulip":2,"tombstone:essence_of_undeath":1,"minecraft:emerald":1,"tombstone:magic_scroll":1,"alexsmobs:maggot":9,"minecraft:ender_pearl":3,"minecraft:black_wool":1,"minecraft:mutton":8,"minecraft:coal":20,"minecraft:white_wool":4,"minecraft:cobblestone":193},"minecraft:custom":{"minecraft:interact_with_furnace":4,"minecraft:mob_kills":131,"tombstone:raider_killed":1,"minecraft:interact_with_crafting_table":7,"minecraft:open_barrel":7,"minecraft:leave_game":2,"minecraft:time_since_death":8428,"minecraft:sleep_in_bed":1,"minecraft:climb_one_cm":2046,"minecraft:time_since_rest":8352,"minecraft:damage_absorbed":962,"minecraft:sprint_one_cm":237758,"minecraft:damage_taken":10111,"minecraft:walk_one_cm":300181,"minecraft:drop":69,"minecraft:damage_dealt":22210,"minecraft:damage_dealt_absorbed":119,"minecraft:swim_one_cm":4666,"minecraft:talked_to_villager":10,"minecraft:fly_one_cm":556898,"minecraft:open_chest":21,"minecraft:crouch_one_cm":3963,"minecraft:play_time":90408,"tombstone:undead_killed":92,"minecraft:deaths":11,"minecraft:sneak_time":1886,"minecraft:walk_under_water_one_cm":3726,"minecraft:boat_one_cm":137925,"minecraft:jump":2410,"minecraft:walk_on_water_one_cm":11367,"minecraft:total_world_time":90408,"minecraft:fall_one_cm":66467},"minecraft:crafted":{"minecraft:oak_planks":8,"minecraft:crafting_table":1,"minecraft:birch_boat":1,"minecraft:furnace":1,"minecraft:copper_ingot":12,"minecraft:birch_planks":20,"minecraft:air":0,"simplyswords:diamond_katana":1,"minecraft:charcoal":35,"minecraft:stick":4,"minecraft:wooden_axe":2},"minecraft:dropped":{"minecraft:white_tulip":13,"minecraft:dark_oak_door":1,"minecraft:iron_sword":1,"alexsmobs:maggot":8,"minecraft:wheat_seeds":13,"minecraft:orange_tulip":22,"minecraft:raw_iron":3,"minecraft:cobblestone":164,"minecraft:rotten_flesh":55,"minecraft:carrot":1,"spartanweaponry:iron_warhammer":1,"minecraft:stick":1,"minecraft:lily_of_the_valley":2,"minecraft:poppy":1,"minecraft:dirt":130,"minecraft:tipped_arrow":4,"minecraft:gunpowder":2,"tombstone:grave_key":3,"minecraft:spider_eye":2,"spartanweaponry:iron_greatsword":1,"tombstone:grave_dust":8,"irons_spellbooks:arcane_essence":2,"spartanweaponry:wooden_heavy_crossbow":2,"minecraft:bow":1,"minecraft:beef":6,"minecraft:red_tulip":2,"majruszsdifficulty:cloth":16,"spartanweaponry:iron_battle_hammer":1,"minecraft:string":14,"minecraft:lily_pad":1,"minecraft:polished_granite":2,"minecraft:bone":6,"minecraft:dandelion":16,"minecraft:enchanted_book":6,"minecraft:iron_ingot":5},"minecraft:killed_by":{"minecraft:skeleton":2,"minecraft:zombie":3},"minecraft:used":{"simplyswords:iron_spear":9,"minecraft:moss_block":10,"simplyswords:diamond_katana":439,"minecraft:birch_planks":3,"minecraft:oak_planks":5,"minecraft:birch_boat":1,"minecraft:iron_sword":8,"minecraft:rotten_flesh":2,"minecraft:dirt":34,"minecraft:crafting_table":5,"minecraft:spider_eye":1,"minecraft:wooden_axe":77,"alexsmobs:maggot":1,"majruszsdifficulty:undead_army_treasure_bag":1,"minecraft:iron_pickaxe":119,"tombstone:magic_scroll":3,"minecraft:cobblestone":22,"minecraft:furnace":1,"spartanweaponry:iron_battle_hammer":1,"tombstone:gift":4,"minecraft:coarse_dirt":2},"minecraft:broken":{"minecraft:iron_pickaxe":1,"majruszsdifficulty:tattered_leggings":1,"majruszsdifficulty:tattered_boots":1,"minecraft:wooden_axe":1},"minecraft:mined":{"minecraft:crafting_table":4,"minecraft:emerald_ore":1,"immersive_weathering:sandy_dirt":1,"minecraft:grass_block":14,"minecraft:cobblestone":1,"minecraft:moss_block":16,"minecraft:coarse_dirt":2,"minecraft:birch_log":68,"minecraft:iron_ore":9,"minecraft:birch_leaves":3,"minecraft:grass":4,"minecraft:oak_log":2,"minecraft:coal_ore":20,"minecraft:vine":1,"minecraft:dirt":14,"minecraft:stone":81},"minecraft:killed":{"minecraft:husk":4,"irons_spellbooks:summoned_zombie":1,"minecraft:spider":5,"irons_spellbooks:necromancer":1,"minecraft:creeper":6,"minecraft:sheep":5,"minecraft:skeleton":35,"minecraft:zombie":43,"minecraft:stray":8,"alexsmobs:fly":1,"minecraft:cow":3}},"DataVersion":3465}