{"stats":{"minecraft:picked_up":{"irons_spellbooks:scroll":3,"majruszsdifficulty:tattered_boots":1,"minecraft:coarse_dirt":28,"minecraft:crafting_table":6,"simplyswords:diamond_katana":1,"minecraft:enchanted_book":5,"minecraft:golden_shovel":1,"minecraft:string":17,"minecraft:flint_and_steel":1,"minecraft:cracked_stone_bricks":4,"irons_spellbooks:arcane_essence":9,"minecraft:cobbled_deepslate":11,"minecraft:beef":6,"minecraft:white_tulip":13,"irons_spellbooks:epic_ink":1,"minecraft:poppy":1,"alexsmobs:raccoon_tail":1,"minecraft:spruce_trapdoor":5,"minecraft:golden_helmet":2,"minecraft:egg":1,"minecraft:dark_oak_door":1,"minecraft:tipped_arrow":4,"spartanweaponry:wooden_heavy_crossbow":1,"minecraft:stick":6,"minecraft:raw_iron":19,"sophisticatedbackpacks:backpack":1,"minecraft:golden_axe":1,"tombstone:grave_dust":20,"minecraft:carrot":1,"minecraft:redstone":12,"minecraft:golden_chestplate":1,"minecraft:dark_oak_planks":1,"irons_spellbooks:evocation_rune":1,"minecraft:arrow":68,"minecraft:rotten_flesh":90,"minecraft:red_tulip":2,"tombstone:essence_of_undeath":1,"minecraft:mutton":18,"minecraft:cobblestone":377,"minecraft:white_wool":13,"minecraft:birch_log":58,"minecraft:pink_petals":4,"spartanweaponry:iron_warhammer":1,"minecraft:leather":4,"immersive_weathering:sandy_dirt":1,"majruszsdifficulty:cloth":8,"alexsmobs:bear_fur":1,"paraglider:spirit_orb":2,"minecraft:tuff":2,"minecraft:oak_log":2,"minecraft:lily_pad":1,"minecraft:gunpowder":13,"minecraft:cobblestone_stairs":1,"minecraft:dirt":165,"minecraft:white_banner":3,"minecraft:polished_granite":2,"minecraft:red_carpet":8,"minecraft:bone":70,"minecraft:apple":1,"minecraft:stone_bricks":6,"minecraft:bow":1,"spartanweaponry:iron_greatsword":1,"minecraft:wheat_seeds":11,"minecraft:orange_tulip":21,"majruszsdifficulty:tattered_leggings":1,"minecraft:grindstone":1,"minecraft:iron_ingot":16,"minecraft:mossy_stone_bricks":2,"minecraft:moss_block":15,"minecraft:iron_sword":1,"irons_spellbooks:frozen_bone":34,"minecraft:dandelion":15,"minecraft:gravel":8,"minecraft:spruce_sapling":2,"minecraft:white_bed":5,"minecraft:spruce_log":3,"minecraft:lily_of_the_valley":1,"minecraft:mossy_cobblestone":4,"minecraft:dark_oak_log":7,"minecraft:spruce_door":1,"minecraft:spider_eye":3,"minecraft:leather_helmet":2,"spartanweaponry:iron_battle_hammer":2,"irons_spellbooks:ice_rune":1,"minecraft:bundle":2,"minecraft:pumpkin_seeds":4,"irons_spellbooks:magehunter":1,"minecraft:crossbow":1,"minecraft:emerald":2,"alexsmobs:maggot":12,"tombstone:magic_scroll":1,"minecraft:netherrack":54,"minecraft:black_wool":1,"minecraft:coal":20,"minecraft:ender_pearl":3},"minecraft:custom":{"minecraft:mob_kills":202,"minecraft:interact_with_crafting_table":9,"minecraft:open_barrel":26,"minecraft:leave_game":5,"minecraft:time_since_death":58875,"minecraft:climb_one_cm":6712,"minecraft:sprint_one_cm":320175,"minecraft:walk_one_cm":495929,"minecraft:drop":127,"minecraft:damage_dealt_absorbed":119,"minecraft:talked_to_villager":10,"minecraft:play_time":140855,"minecraft:deaths":11,"minecraft:sneak_time":4132,"minecraft:walk_under_water_one_cm":3726,"minecraft:boat_one_cm":137925,"minecraft:jump":3569,"minecraft:walk_on_water_one_cm":11367,"minecraft:total_world_time":140855,"minecraft:interact_with_furnace":4,"tombstone:raider_killed":24,"minecraft:sleep_in_bed":3,"minecraft:time_since_rest":3789,"minecraft:damage_taken":14429,"minecraft:damage_absorbed":962,"minecraft:damage_dealt":36794,"minecraft:swim_one_cm":4666,"minecraft:fly_one_cm":788379,"minecraft:open_chest":34,"minecraft:crouch_one_cm":10955,"tombstone:undead_killed":112,"minecraft:fall_one_cm":124065},"minecraft:crafted":{"minecraft:oak_planks":8,"minecraft:birch_boat":1,"minecraft:furnace":1,"minecraft:dark_oak_planks":28,"minecraft:crafting_table":2,"minecraft:spruce_planks":12,"minecraft:copper_ingot":12,"minecraft:birch_planks":20,"minecraft:air":0,"simplyswords:diamond_katana":1,"minecraft:charcoal":35,"minecraft:stick":4,"minecraft:iron_pickaxe":1,"minecraft:wooden_axe":2,"minecraft:white_bed":1},"minecraft:dropped":{"minecraft:enchanted_book":9,"minecraft:iron_ingot":5,"minecraft:iron_sword":1,"minecraft:wheat_seeds":14,"minecraft:mossy_cobblestone":4,"minecraft:crossbow":1,"minecraft:orange_tulip":22,"minecraft:cobblestone":249,"minecraft:leather":4,"minecraft:cracked_stone_bricks":3,"minecraft:leather_helmet":2,"minecraft:red_carpet":8,"minecraft:stick":3,"minecraft:dirt":163,"tombstone:grave_key":3,"spartanweaponry:iron_greatsword":1,"tombstone:grave_dust":8,"irons_spellbooks:arcane_essence":2,"spartanweaponry:wooden_heavy_crossbow":2,"minecraft:string":14,"irons_spellbooks:frozen_bone":34,"minecraft:lily_pad":1,"minecraft:white_wool":3,"minecraft:redstone":16,"minecraft:dandelion":16,"minecraft:bone":81,"spartanweaponry:iron_battle_hammer":1,"minecraft:gravel":8,"minecraft:dark_oak_door":1,"majruszsdifficulty:cloth":16,"minecraft:white_tulip":13,"alexsmobs:maggot":10,"minecraft:cobbled_deepslate":5,"minecraft:tuff":2,"minecraft:raw_iron":3,"minecraft:rotten_flesh":90,"minecraft:grindstone":1,"alexsmobs:bear_fur":1,"minecraft:pumpkin_seeds":8,"minecraft:carrot":1,"minecraft:lily_of_the_valley":2,"minecraft:poppy":1,"spartanweaponry:iron_warhammer":1,"minecraft:tipped_arrow":4,"minecraft:gunpowder":2,"minecraft:spruce_planks":2,"minecraft:spider_eye":2,"minecraft:arrow":5,"minecraft:bow":1,"minecraft:beef":6,"minecraft:red_tulip":2,"minecraft:polished_granite":2,"minecraft:netherrack":54},"minecraft:killed_by":{"minecraft:skeleton":2,"minecraft:zombie":3},"minecraft:used":{"minecraft:moss_block":10,"minecraft:spruce_planks":6,"minecraft:iron_sword":8,"minecraft:rotten_flesh":2,"minecraft:torch":1,"minecraft:dirt":34,"spartanweaponry:iron_javelin":17,"minecraft:dark_oak_planks":6,"minecraft:wooden_axe":87,"alexsmobs:maggot":1,"minecraft:stone_bricks":6,"minecraft:furnace":1,"spartanweaponry:iron_battle_hammer":1,"tombstone:gift":6,"simplyswords:iron_spear":9,"minecraft:cobblestone_stairs":1,"minecraft:spruce_door":1,"simplyswords:diamond_katana":722,"minecraft:birch_planks":3,"minecraft:oak_planks":5,"minecraft:birch_boat":1,"minecraft:cracked_stone_bricks":1,"minecraft:crafting_table":7,"minecraft:spider_eye":1,"minecraft:white_bed":5,"majruszsdifficulty:undead_army_treasure_bag":1,"minecraft:iron_pickaxe":296,"minecraft:leather_helmet":1,"tombstone:magic_scroll":3,"minecraft:spruce_sapling":2,"minecraft:cobblestone":97,"minecraft:white_banner":3,"majruszsdifficulty:bandage":10,"minecraft:coarse_dirt":2},"minecraft:broken":{"majruszsdifficulty:tattered_boots":1,"majruszsdifficulty:tattered_leggings":1,"minecraft:iron_pickaxe":1,"minecraft:wooden_axe":1},"minecraft:killed":{"minecraft:vex":4,"irons_spellbooks:summoned_zombie":1,"alexsmobs:raccoon":1,"minecraft:vindicator":2,"minecraft:spider":5,"irons_spellbooks:cryomancer":1,"minecraft:skeleton":39,"irons_spellbooks:archevoker":1,"minecraft:husk":4,"alexsmobs:grizzly_bear":2,"majruszsdifficulty:cursed_armor":1,"irons_spellbooks:necromancer":1,"minecraft:creeper":10,"minecraft:sheep":11,"minecraft:pillager":21,"minecraft:zombie":59,"minecraft:stray":8,"alexsmobs:fly":8,"minecraft:cow":3},"minecraft:mined":{"minecraft:dark_oak_planks":1,"minecraft:large_amethyst_bud":1,"minecraft:white_bed":5,"minecraft:mossy_cobblestone":4,"minecraft:cobblestone_stairs":1,"minecraft:dark_oak_log":3,"minecraft:grass_block":18,"minecraft:spruce_leaves":10,"minecraft:moss_block":16,"minecraft:spawner":1,"minecraft:iron_ore":16,"minecraft:cobbled_deepslate":5,"minecraft:vine":1,"minecraft:stone":134,"minecraft:medium_amethyst_bud":1,"minecraft:powder_snow":1,"minecraft:crafting_table":6,"minecraft:emerald_ore":1,"immersive_weathering:sandy_dirt":1,"minecraft:tall_grass":1,"minecraft:cobblestone":73,"minecraft:pink_petals":1,"minecraft:coarse_dirt":2,"minecraft:birch_log":68,"minecraft:spruce_log":3,"minecraft:birch_leaves":4,"minecraft:grass":5,"minecraft:oak_log":2,"minecraft:coal_ore":20,"minecraft:gravel":4,"minecraft:dirt":28,"minecraft:cracked_stone_bricks":1,"minecraft:stone_bricks":5}},"DataVersion":3465}