{"stats":{"minecraft:picked_up":{"minecraft:raw_iron":1,"minecraft:coarse_dirt":28,"immersive_weathering:sandy_dirt":1,"minecraft:oak_log":2,"minecraft:string":4,"minecraft:dirt":17,"minecraft:mossy_stone_bricks":2,"minecraft:moss_block":15,"minecraft:spruce_trapdoor":5,"minecraft:egg":1},"minecraft:custom":{"minecraft:time_since_rest":3775,"minecraft:sprint_one_cm":103611,"minecraft:damage_taken":2396,"minecraft:walk_one_cm":103889,"minecraft:mob_kills":3,"minecraft:drop":4,"minecraft:damage_dealt":537,"minecraft:swim_one_cm":4666,"minecraft:fly_one_cm":228335,"minecraft:open_barrel":5,"minecraft:open_chest":5,"minecraft:crouch_one_cm":2333,"minecraft:play_time":36408,"minecraft:deaths":8,"minecraft:sneak_time":1584,"minecraft:walk_under_water_one_cm":3726,"minecraft:jump":1037,"minecraft:leave_game":2,"minecraft:walk_on_water_one_cm":11367,"minecraft:time_since_death":5345,"minecraft:climb_one_cm":272,"minecraft:total_world_time":36408,"minecraft:fall_one_cm":21422},"minecraft:crafted":{"minecraft:oak_planks":8},"minecraft:dropped":{"tombstone:grave_key":3,"minecraft:raw_iron":1},"minecraft:killed_by":{"minecraft:skeleton":1,"minecraft:zombie":2},"minecraft:used":{"simplyswords:iron_spear":9,"minecraft:moss_block":10,"minecraft:oak_planks":5,"minecraft:dirt":14,"tombstone:gift":2,"minecraft:coarse_dirt":2},"minecraft:killed":{"minecraft:spider":1,"minecraft:creeper":1},"minecraft:mined":{"minecraft:coarse_dirt":2,"immersive_weathering:sandy_dirt":1,"minecraft:grass_block":10,"minecraft:oak_log":2,"minecraft:dirt":4,"minecraft:moss_block":16}},"DataVersion":3465}