{"stats":{"minecraft:crafted":{"minecraft:oak_planks":8},"minecraft:custom":{"minecraft:open_barrel":5,"minecraft:open_chest":4,"minecraft:time_since_rest":1267,"minecraft:damage_taken":1166,"minecraft:play_time":25929,"minecraft:crouch_one_cm":1021,"minecraft:sprint_one_cm":84011,"minecraft:deaths":4,"minecraft:walk_one_cm":81833,"minecraft:sneak_time":311,"minecraft:walk_under_water_one_cm":566,"minecraft:mob_kills":2,"minecraft:jump":799,"minecraft:damage_dealt":367,"minecraft:leave_game":2,"minecraft:time_since_death":3666,"minecraft:walk_on_water_one_cm":5213,"minecraft:total_world_time":25929,"minecraft:climb_one_cm":272,"minecraft:swim_one_cm":950,"minecraft:fall_one_cm":16140,"minecraft:fly_one_cm":174550},"minecraft:used":{"minecraft:moss_block":10,"minecraft:dirt":12,"minecraft:oak_planks":5,"tombstone:gift":2,"simplyswords:iron_spear":9},"minecraft:mined":{"minecraft:grass_block":10,"minecraft:oak_log":2,"minecraft:dirt":2,"minecraft:moss_block":16},"minecraft:killed":{"minecraft:spider":1,"minecraft:creeper":1},"minecraft:picked_up":{"minecraft:oak_log":2,"minecraft:mossy_stone_bricks":2,"minecraft:moss_block":15,"minecraft:dirt":15,"minecraft:spruce_trapdoor":5,"minecraft:string":2,"minecraft:egg":1},"minecraft:killed_by":{"minecraft:zombie":2}},"DataVersion":3465}