{"stats":{"minecraft:picked_up":{"minecraft:birch_log":58,"majruszsdifficulty:tattered_boots":1,"minecraft:coarse_dirt":28,"minecraft:crafting_table":4,"minecraft:leather":4,"immersive_weathering:sandy_dirt":1,"minecraft:oak_log":2,"minecraft:lily_pad":1,"minecraft:gunpowder":9,"minecraft:dirt":98,"minecraft:string":10,"minecraft:bone":41,"minecraft:orange_tulip":7,"minecraft:bow":1,"irons_spellbooks:arcane_essence":2,"minecraft:wheat_seeds":3,"majruszsdifficulty:tattered_leggings":1,"minecraft:white_tulip":1,"minecraft:iron_ingot":6,"minecraft:beef":6,"minecraft:poppy":1,"minecraft:mossy_stone_bricks":2,"minecraft:moss_block":15,"minecraft:iron_sword":1,"minecraft:spruce_trapdoor":5,"minecraft:tipped_arrow":2,"minecraft:egg":1,"minecraft:dark_oak_door":1,"spartanweaponry:wooden_heavy_crossbow":1,"minecraft:stick":1,"minecraft:raw_iron":11,"irons_spellbooks:frozen_bone":13,"minecraft:dandelion":7,"sophisticatedbackpacks:backpack":1,"tombstone:grave_dust":8,"minecraft:lily_of_the_valley":1,"minecraft:spider_eye":2,"minecraft:bundle":1,"minecraft:arrow":30,"minecraft:rotten_flesh":51,"minecraft:red_tulip":1,"tombstone:essence_of_undeath":1,"minecraft:emerald":1,"tombstone:magic_scroll":1,"alexsmobs:maggot":9,"minecraft:black_wool":1,"minecraft:mutton":8,"minecraft:coal":20,"minecraft:white_wool":4,"minecraft:cobblestone":98},"minecraft:custom":{"minecraft:interact_with_furnace":4,"minecraft:mob_kills":93,"tombstone:raider_killed":1,"minecraft:interact_with_crafting_table":7,"minecraft:open_barrel":7,"minecraft:leave_game":2,"minecraft:time_since_death":1549,"minecraft:sleep_in_bed":1,"minecraft:climb_one_cm":2046,"minecraft:time_since_rest":1334,"minecraft:damage_absorbed":962,"minecraft:sprint_one_cm":209382,"minecraft:damage_taken":7514,"minecraft:walk_one_cm":258710,"minecraft:drop":23,"minecraft:damage_dealt":15005,"minecraft:damage_dealt_absorbed":119,"minecraft:swim_one_cm":4666,"minecraft:talked_to_villager":10,"minecraft:fly_one_cm":486752,"minecraft:open_chest":20,"minecraft:crouch_one_cm":3928,"minecraft:play_time":78408,"tombstone:undead_killed":62,"minecraft:deaths":10,"minecraft:sneak_time":1876,"minecraft:walk_under_water_one_cm":3726,"minecraft:boat_one_cm":137925,"minecraft:jump":2090,"minecraft:walk_on_water_one_cm":11367,"minecraft:total_world_time":78408,"minecraft:fall_one_cm":56335},"minecraft:crafted":{"minecraft:oak_planks":8,"minecraft:crafting_table":1,"minecraft:birch_boat":1,"minecraft:furnace":1,"minecraft:copper_ingot":12,"minecraft:birch_planks":20,"minecraft:air":0,"simplyswords:diamond_katana":1,"minecraft:charcoal":35,"minecraft:stick":4,"minecraft:wooden_axe":2},"minecraft:dropped":{"minecraft:white_tulip":1,"minecraft:dark_oak_door":1,"minecraft:iron_sword":1,"alexsmobs:maggot":8,"minecraft:wheat_seeds":6,"minecraft:raw_iron":2,"minecraft:cobblestone":69,"minecraft:rotten_flesh":2,"minecraft:dirt":70,"tombstone:grave_key":3,"spartanweaponry:wooden_heavy_crossbow":2,"minecraft:bow":1,"minecraft:beef":6,"minecraft:red_tulip":1,"minecraft:string":4,"minecraft:lily_pad":1,"minecraft:dandelion":8},"minecraft:killed_by":{"minecraft:skeleton":2,"minecraft:zombie":3},"minecraft:used":{"simplyswords:iron_spear":9,"minecraft:moss_block":10,"simplyswords:diamond_katana":299,"minecraft:birch_planks":3,"minecraft:oak_planks":5,"minecraft:birch_boat":1,"minecraft:iron_sword":8,"minecraft:rotten_flesh":2,"minecraft:dirt":34,"minecraft:crafting_table":5,"minecraft:spider_eye":1,"minecraft:wooden_axe":77,"alexsmobs:maggot":1,"minecraft:iron_pickaxe":118,"tombstone:magic_scroll":3,"minecraft:cobblestone":22,"minecraft:furnace":1,"tombstone:gift":2,"minecraft:coarse_dirt":2},"minecraft:broken":{"majruszsdifficulty:tattered_boots":1,"minecraft:wooden_axe":1},"minecraft:mined":{"minecraft:crafting_table":4,"minecraft:emerald_ore":1,"immersive_weathering:sandy_dirt":1,"minecraft:grass_block":13,"minecraft:cobblestone":1,"minecraft:moss_block":16,"minecraft:coarse_dirt":2,"minecraft:birch_log":68,"minecraft:iron_ore":9,"minecraft:birch_leaves":3,"minecraft:grass":2,"minecraft:oak_log":2,"minecraft:coal_ore":20,"minecraft:vine":1,"minecraft:dirt":11,"minecraft:stone":80},"minecraft:killed":{"minecraft:husk":2,"irons_spellbooks:summoned_zombie":1,"minecraft:spider":4,"irons_spellbooks:necromancer":1,"minecraft:creeper":5,"minecraft:sheep":5,"minecraft:skeleton":30,"minecraft:zombie":25,"minecraft:stray":3,"alexsmobs:fly":1,"minecraft:cow":3}},"DataVersion":3465}