{"stats":{"minecraft:picked_up":{"minecraft:birch_log":58,"minecraft:coarse_dirt":28,"minecraft:crafting_table":4,"minecraft:leather":2,"immersive_weathering:sandy_dirt":1,"minecraft:oak_log":2,"minecraft:lily_pad":1,"minecraft:gunpowder":4,"minecraft:dirt":43,"minecraft:string":6,"minecraft:bone":10,"minecraft:beef":5,"minecraft:mossy_stone_bricks":2,"minecraft:moss_block":15,"minecraft:iron_sword":1,"minecraft:spruce_trapdoor":5,"minecraft:egg":1,"minecraft:stick":1,"minecraft:raw_iron":10,"tombstone:grave_dust":1,"minecraft:spider_eye":1,"minecraft:arrow":4,"minecraft:rotten_flesh":2,"alexsmobs:maggot":1,"minecraft:black_wool":1,"minecraft:mutton":7,"minecraft:coal":20,"minecraft:white_wool":3,"minecraft:cobblestone":94},"minecraft:custom":{"minecraft:interact_with_furnace":4,"minecraft:mob_kills":25,"minecraft:interact_with_crafting_table":7,"minecraft:open_barrel":7,"minecraft:leave_game":2,"minecraft:time_since_death":35345,"minecraft:climb_one_cm":2046,"minecraft:time_since_rest":33775,"minecraft:sprint_one_cm":171280,"minecraft:damage_taken":3176,"minecraft:walk_one_cm":201165,"minecraft:drop":6,"minecraft:damage_dealt":3857,"minecraft:swim_one_cm":4666,"minecraft:talked_to_villager":10,"minecraft:fly_one_cm":398501,"minecraft:open_chest":20,"minecraft:crouch_one_cm":3022,"minecraft:play_time":66408,"tombstone:undead_killed":9,"minecraft:deaths":8,"minecraft:sneak_time":1712,"minecraft:walk_under_water_one_cm":3726,"minecraft:boat_one_cm":137925,"minecraft:jump":1718,"minecraft:walk_on_water_one_cm":11367,"minecraft:total_world_time":66408,"minecraft:fall_one_cm":46874},"minecraft:crafted":{"minecraft:oak_planks":8,"minecraft:crafting_table":1,"minecraft:birch_boat":1,"minecraft:furnace":1,"minecraft:copper_ingot":12,"minecraft:birch_planks":20,"minecraft:air":0,"simplyswords:diamond_katana":1,"minecraft:charcoal":35,"minecraft:stick":4,"minecraft:wooden_axe":2},"minecraft:dropped":{"minecraft:iron_sword":1,"minecraft:raw_iron":1,"tombstone:grave_key":3,"minecraft:lily_pad":1},"minecraft:killed_by":{"minecraft:skeleton":1,"minecraft:zombie":2},"minecraft:used":{"simplyswords:iron_spear":9,"minecraft:moss_block":10,"simplyswords:diamond_katana":59,"minecraft:oak_planks":5,"minecraft:birch_boat":1,"minecraft:iron_sword":8,"minecraft:rotten_flesh":2,"minecraft:dirt":30,"minecraft:crafting_table":5,"minecraft:spider_eye":1,"minecraft:wooden_axe":77,"alexsmobs:maggot":1,"minecraft:iron_pickaxe":117,"minecraft:cobblestone":1,"minecraft:furnace":1,"tombstone:gift":2,"minecraft:coarse_dirt":2},"minecraft:broken":{"minecraft:wooden_axe":1},"minecraft:killed":{"minecraft:spider":2,"minecraft:creeper":3,"minecraft:sheep":4,"minecraft:skeleton":7,"minecraft:zombie":2,"minecraft:cow":2},"minecraft:mined":{"minecraft:crafting_table":4,"immersive_weathering:sandy_dirt":1,"minecraft:grass_block":13,"minecraft:cobblestone":1,"minecraft:moss_block":16,"minecraft:coarse_dirt":2,"minecraft:birch_log":68,"minecraft:iron_ore":9,"minecraft:birch_leaves":3,"minecraft:grass":2,"minecraft:oak_log":2,"minecraft:coal_ore":20,"minecraft:vine":1,"minecraft:dirt":11,"minecraft:stone":80}},"DataVersion":3465}