{"stats":{"minecraft:crafted":{"minecraft:oak_planks":36,"minecraft:crafting_table":2,"minecraft:wooden_pickaxe":1,"minecraft:iron_sword":1,"minecraft:furnace":1,"minecraft:stone_axe":1,"minecraft:air":0,"minecraft:iron_chestplate":1,"minecraft:iron_axe":1,"minecraft:stick":28,"minecraft:iron_ingot":17,"minecraft:iron_pickaxe":1,"minecraft:stone_pickaxe":5,"minecraft:wooden_axe":1,"minecraft:stone_sword":1,"minecraft:torch":24,"spartanweaponry:stone_boomerang":1},"minecraft:mined":{"minecraft:crafting_table":6,"minecraft:torch":1,"minecraft:grass_block":1,"minecraft:tall_grass":1,"minecraft:copper_ore":14,"minecraft:cobblestone":3,"minecraft:wall_torch":5,"minecraft:furnace":1,"minecraft:iron_ore":17,"minecraft:andesite":95,"minecraft:deepslate_lapis_ore":2,"minecraft:grass":2,"minecraft:coal_ore":69,"minecraft:oak_log":9,"minecraft:deepslate_iron_ore":6,"minecraft:dirt":1,"minecraft:stone":344,"minecraft:oak_leaves":4,"minecraft:infested_stone":2},"minecraft:dropped":{"minecraft:wheat_seeds":1,"minecraft:cobbled_deepslate":5,"minecraft:pointed_dripstone":1,"minecraft:stone_pickaxe":1,"minecraft:wooden_pickaxe":1},"minecraft:killed":{"minecraft:spider":4,"minecraft:skeleton":10,"minecraft:zombie":9,"minecraft:silverfish":8},"minecraft:used":{"minecraft:stone_sword":30,"minecraft:stone_pickaxe":530,"minecraft:wooden_pickaxe":6,"minecraft:iron_sword":49,"minecraft:torch":23,"minecraft:dirt":17,"minecraft:crafting_table":8,"minecraft:wooden_axe":34,"minecraft:iron_axe":8,"minecraft:iron_pickaxe":21,"spartanweaponry:stone_boomerang":11,"minecraft:stone_axe":6,"minecraft:cobblestone":32,"minecraft:furnace":1,"minecraft:andesite":6,"tombstone:gift":6},"minecraft:custom":{"minecraft:interact_with_furnace":2,"minecraft:mob_kills":33,"minecraft:interact_with_crafting_table":12,"minecraft:leave_game":2,"minecraft:time_since_death":98457,"minecraft:time_since_rest":98211,"minecraft:sprint_one_cm":41041,"minecraft:damage_taken":3390,"minecraft:walk_one_cm":110420,"minecraft:drop":9,"minecraft:damage_dealt":5776,"minecraft:fly_one_cm":42266,"minecraft:crouch_one_cm":2054,"minecraft:play_time":120057,"tombstone:undead_killed":19,"minecraft:deaths":5,"minecraft:sneak_time":847,"minecraft:walk_under_water_one_cm":1079,"minecraft:jump":396,"minecraft:walk_on_water_one_cm":2621,"minecraft:total_world_time":120057,"minecraft:fall_one_cm":10339},"minecraft:broken":{"minecraft:stone_pickaxe":4,"minecraft:wooden_axe":1},"minecraft:killed_by":{"minecraft:zombie":1},"minecraft:picked_up":{"minecraft:crafting_table":7,"minecraft:andesite":140,"minecraft:potato":1,"minecraft:enchanted_book":1,"minecraft:oak_log":9,"minecraft:lapis_lazuli":13,"minecraft:dirt":2,"minecraft:string":6,"tombstone:gift":1,"minecraft:raw_copper":46,"minecraft:bone":6,"minecraft:cobbled_deepslate":5,"spartanweaponry:leather_longbow":1,"minecraft:furnace":1,"minecraft:raw_iron":23,"minecraft:torch":6,"minecraft:pointed_dripstone":1,"minecraft:arrow":9,"minecraft:rotten_flesh":9,"minecraft:oak_sapling":2,"minecraft:mutton":2,"minecraft:coal":127,"minecraft:white_wool":1,"minecraft:cobblestone":640}},"DataVersion":3465}