{"stats":{"minecraft:broken":{"minecraft:stone_pickaxe":4,"minecraft:iron_chestplate":1,"minecraft:wooden_axe":1},"minecraft:crafted":{"minecraft:oak_planks":36,"minecraft:crafting_table":2,"minecraft:wooden_pickaxe":1,"minecraft:iron_sword":1,"minecraft:furnace":1,"minecraft:stone_axe":1,"minecraft:air":0,"minecraft:iron_chestplate":1,"minecraft:iron_axe":1,"minecraft:stick":28,"minecraft:iron_ingot":17,"minecraft:iron_pickaxe":1,"minecraft:stone_pickaxe":5,"minecraft:wooden_axe":1,"minecraft:stone_sword":1,"minecraft:torch":24,"spartanweaponry:stone_boomerang":1},"minecraft:custom":{"minecraft:interact_with_furnace":2,"minecraft:mob_kills":75,"tombstone:raider_killed":1,"minecraft:interact_with_crafting_table":12,"minecraft:damage_dealt_resisted":55,"minecraft:leave_game":3,"minecraft:time_since_death":126518,"minecraft:damage_absorbed":68,"minecraft:time_since_rest":126272,"minecraft:damage_taken":8764,"minecraft:sprint_one_cm":75186,"minecraft:walk_one_cm":206784,"minecraft:drop":17,"minecraft:damage_dealt":14666,"minecraft:damage_dealt_absorbed":68,"minecraft:fly_one_cm":60535,"minecraft:crouch_one_cm":2054,"minecraft:play_time":148118,"minecraft:sneak_time":856,"tombstone:undead_killed":53,"minecraft:deaths":5,"minecraft:walk_under_water_one_cm":1079,"minecraft:jump":734,"minecraft:walk_on_water_one_cm":2810,"minecraft:total_world_time":148118,"minecraft:fall_one_cm":15262},"minecraft:used":{"minecraft:stone_sword":30,"minecraft:stone_pickaxe":530,"minecraft:wooden_pickaxe":6,"minecraft:iron_sword":175,"minecraft:torch":23,"minecraft:dirt":17,"minecraft:crafting_table":8,"spartanweaponry:iron_flanged_mace":25,"minecraft:wooden_axe":34,"spartanweaponry:iron_saber":14,"minecraft:iron_axe":25,"spartanweaponry:stone_boomerang":11,"minecraft:iron_pickaxe":102,"minecraft:stone_axe":6,"minecraft:bow":7,"minecraft:cobblestone":36,"minecraft:furnace":1,"minecraft:andesite":6,"tombstone:gift":6},"minecraft:dropped":{"minecraft:stone_axe":2,"minecraft:wheat_seeds":1,"minecraft:cobbled_deepslate":5,"minecraft:pointed_dripstone":1,"minecraft:cobblestone":128,"minecraft:oak_planks":4,"minecraft:potato":2,"minecraft:wooden_pickaxe":1,"minecraft:stone_pickaxe":1,"minecraft:fishing_rod":1},"minecraft:mined":{"minecraft:deepslate_redstone_ore":4,"minecraft:tuff":2,"epicpaladins:deepslate_bloodstone_ore":7,"minecraft:deepslate_diamond_ore":3,"minecraft:amethyst_cluster":1,"epicsamurai:deepslate_aquamarine_ore":2,"minecraft:crafting_table":6,"minecraft:torch":1,"minecraft:grass_block":1,"minecraft:copper_ore":14,"minecraft:tall_grass":1,"minecraft:cobblestone":3,"minecraft:wall_torch":5,"epicsamurai:deepslate_jade_ore":9,"minecraft:furnace":1,"minecraft:iron_ore":17,"epicpaladins:deepslate_cryorium_ore":12,"minecraft:andesite":95,"minecraft:deepslate_lapis_ore":2,"minecraft:grass":2,"minecraft:oak_log":9,"minecraft:coal_ore":69,"minecraft:deepslate_iron_ore":14,"minecraft:dirt":1,"minecraft:smooth_basalt":1,"minecraft:stone":344,"minecraft:oak_leaves":4,"minecraft:deepslate":32,"minecraft:infested_stone":2},"minecraft:killed":{"minecraft:witch":1,"minecraft:spider":4,"minecraft:creeper":3,"minecraft:skeleton":31,"minecraft:zombie":22,"minecraft:silverfish":8,"minecraft:enderman":1},"minecraft:killed_by":{"minecraft:zombie":1},"minecraft:picked_up":{"minecraft:fishing_rod":1,"minecraft:crafting_table":7,"minecraft:andesite":140,"minecraft:potato":3,"minecraft:enchanted_book":1,"minecraft:tuff":2,"minecraft:oak_log":9,"minecraft:gunpowder":4,"minecraft:lapis_lazuli":13,"minecraft:dirt":2,"minecraft:string":8,"tombstone:gift":1,"minecraft:raw_copper":46,"minecraft:iron_axe":1,"epicpaladins:bloodstone_gem":7,"epicsamurai:jade":9,"minecraft:bone":21,"minecraft:bow":2,"minecraft:cobbled_deepslate":80,"spartanweaponry:leather_longbow":1,"epicsamurai:aquamarine":2,"spartanweaponry:iron_flanged_mace":1,"minecraft:oak_planks":4,"minecraft:furnace":1,"spartanweaponry:iron_saber":1,"minecraft:stick":2,"minecraft:raw_iron":31,"minecraft:smooth_basalt":1,"minecraft:torch":13,"minecraft:dripstone_block":2,"minecraft:amethyst_shard":4,"minecraft:pointed_dripstone":7,"tombstone:grave_dust":4,"minecraft:redstone":19,"minecraft:spider_eye":1,"minecraft:arrow":29,"minecraft:rotten_flesh":27,"epicpaladins:cryorium_gem":13,"minecraft:diamond":5,"minecraft:stone_axe":2,"sophisticatedbackpacks:copper_backpack":1,"tombstone:magic_scroll":1,"minecraft:oak_sapling":2,"minecraft:mutton":2,"minecraft:coal":127,"minecraft:white_wool":1,"minecraft:cobblestone":712,"minecraft:ender_pearl":1}},"DataVersion":3465}