{"stats":{"minecraft:crafted":{"minecraft:oak_planks":36,"minecraft:crafting_table":2,"minecraft:stick":24,"minecraft:furnace":1,"minecraft:wooden_pickaxe":1,"minecraft:stone_pickaxe":5,"minecraft:wooden_axe":1,"minecraft:stone_sword":1,"minecraft:torch":24,"minecraft:stone_axe":1,"spartanweaponry:stone_boomerang":1},"minecraft:mined":{"minecraft:iron_ore":17,"minecraft:andesite":91,"minecraft:torch":1,"minecraft:crafting_table":5,"minecraft:grass":2,"minecraft:grass_block":1,"minecraft:oak_log":9,"minecraft:coal_ore":69,"minecraft:dirt":1,"minecraft:cobblestone":1,"minecraft:copper_ore":6,"minecraft:tall_grass":1,"minecraft:stone":344,"minecraft:wall_torch":4,"minecraft:oak_leaves":4,"minecraft:infested_stone":2},"minecraft:killed":{"minecraft:skeleton":3,"minecraft:zombie":5,"minecraft:silverfish":8},"minecraft:used":{"minecraft:wooden_axe":34,"minecraft:stone_sword":23,"minecraft:stone_pickaxe":527,"spartanweaponry:stone_boomerang":4,"minecraft:wooden_pickaxe":6,"minecraft:torch":23,"minecraft:stone_axe":6,"minecraft:dirt":17,"minecraft:cobblestone":22,"minecraft:crafting_table":7,"minecraft:furnace":1,"minecraft:andesite":4,"tombstone:gift":4},"minecraft:custom":{"minecraft:time_since_rest":74211,"minecraft:interact_with_furnace":1,"minecraft:sprint_one_cm":32779,"minecraft:damage_taken":1860,"minecraft:walk_one_cm":81836,"minecraft:mob_kills":17,"minecraft:damage_dealt":2493,"minecraft:interact_with_crafting_table":11,"minecraft:fly_one_cm":33796,"minecraft:crouch_one_cm":2052,"minecraft:play_time":96057,"tombstone:undead_killed":8,"minecraft:deaths":5,"minecraft:sneak_time":829,"minecraft:walk_under_water_one_cm":1079,"minecraft:jump":295,"minecraft:leave_game":2,"minecraft:time_since_death":74457,"minecraft:walk_on_water_one_cm":2474,"minecraft:total_world_time":96057,"minecraft:fall_one_cm":4672},"minecraft:broken":{"minecraft:stone_pickaxe":4,"minecraft:wooden_axe":1},"minecraft:killed_by":{"minecraft:zombie":1},"minecraft:picked_up":{"minecraft:raw_iron":17,"minecraft:crafting_table":6,"minecraft:andesite":136,"minecraft:torch":5,"minecraft:potato":1,"minecraft:oak_log":9,"minecraft:dirt":2,"minecraft:arrow":1,"minecraft:raw_copper":22,"minecraft:bone":3,"minecraft:rotten_flesh":5,"spartanweaponry:leather_longbow":1,"minecraft:oak_sapling":2,"minecraft:mutton":2,"minecraft:coal":69,"minecraft:white_wool":1,"minecraft:cobblestone":638}},"DataVersion":3465}