{"stats":{"minecraft:crafted":{"minecraft:oak_planks":36,"minecraft:furnace":1,"minecraft:bow":2,"minecraft:iron_axe":1,"minecraft:stone_pickaxe":5,"justhammers:diamond_hammer":1,"spartanweaponry:stone_boomerang":1,"minecraft:crafting_table":2,"minecraft:wooden_pickaxe":1,"minecraft:iron_sword":1,"minecraft:bucket":1,"minecraft:stone_axe":1,"minecraft:air":0,"simplyswords:diamond_katana":1,"justhammers:iron_hammer":1,"minecraft:iron_chestplate":1,"minecraft:stick":40,"minecraft:iron_ingot":18,"minecraft:iron_pickaxe":1,"minecraft:wooden_axe":1,"minecraft:stone_sword":1,"minecraft:torch":36},"minecraft:broken":{"majruszsdifficulty:tattered_leggings":1,"minecraft:iron_chestplate":1,"minecraft:stone_pickaxe":4,"spartanweaponry:iron_greatsword":1,"minecraft:iron_sword":1,"minecraft:wooden_axe":1},"minecraft:custom":{"minecraft:mob_kills":203,"minecraft:interact_with_crafting_table":19,"minecraft:damage_dealt_resisted":55,"minecraft:leave_game":4,"minecraft:time_since_death":26029,"minecraft:sprint_one_cm":199374,"minecraft:walk_one_cm":411977,"minecraft:drop":27,"minecraft:damage_dealt_absorbed":68,"minecraft:play_time":232631,"minecraft:deaths":8,"minecraft:sneak_time":1342,"minecraft:walk_under_water_one_cm":1079,"minecraft:jump":1469,"minecraft:walk_on_water_one_cm":11814,"minecraft:total_world_time":232631,"minecraft:interact_with_furnace":4,"tombstone:raider_killed":1,"minecraft:time_since_rest":23630,"minecraft:damage_taken":19145,"minecraft:damage_absorbed":68,"minecraft:damage_dealt":38030,"minecraft:fly_one_cm":156782,"minecraft:crouch_one_cm":2831,"tombstone:undead_killed":162,"minecraft:fall_one_cm":32470},"minecraft:mined":{"minecraft:large_amethyst_bud":1,"minecraft:tuff":2,"minecraft:deepslate_diamond_ore":10,"minecraft:grass_block":1,"minecraft:spawner":1,"epicsamurai:deepslate_jade_ore":9,"minecraft:furnace":2,"minecraft:iron_ore":17,"minecraft:cobbled_deepslate":1,"minecraft:andesite":95,"minecraft:deepslate_lapis_ore":8,"immersive_weathering:charred_planks":2,"minecraft:deepslate_iron_ore":15,"minecraft:stone":344,"minecraft:deepslate_redstone_ore":23,"epicpaladins:deepslate_bloodstone_ore":7,"minecraft:amethyst_cluster":4,"epicsamurai:deepslate_aquamarine_ore":2,"minecraft:crafting_table":10,"minecraft:torch":1,"minecraft:calcite":4,"minecraft:tall_grass":1,"minecraft:copper_ore":14,"minecraft:cobblestone":3,"minecraft:deepslate_gold_ore":5,"minecraft:oak_planks":1,"immersive_weathering:charred_fence":4,"minecraft:wall_torch":5,"epicpaladins:deepslate_cryorium_ore":12,"minecraft:grass":4,"minecraft:oak_log":9,"minecraft:coal_ore":69,"minecraft:gravel":1,"minecraft:dirt":1,"minecraft:cobweb":1,"minecraft:smooth_basalt":8,"minecraft:oak_leaves":4,"minecraft:deepslate":94,"minecraft:infested_stone":2},"minecraft:dropped":{"minecraft:wheat_seeds":1,"minecraft:cobblestone":128,"minecraft:rail":8,"minecraft:sand":1,"minecraft:fishing_rod":1,"minecraft:white_wool":2,"minecraft:bone":56,"minecraft:redstone":9,"minecraft:stone_axe":2,"minecraft:cobbled_deepslate":133,"minecraft:pointed_dripstone":1,"minecraft:oak_planks":4,"justhammers:iron_hammer":1,"minecraft:potato":2,"minecraft:spider_eye":1,"minecraft:wooden_pickaxe":1,"minecraft:stone_pickaxe":1},"minecraft:picked_up":{"irons_spellbooks:scroll":1,"minecraft:fishing_rod":1,"minecraft:charcoal":10,"minecraft:crafting_table":11,"minecraft:enchanted_book":2,"minecraft:amethyst_block":6,"minecraft:string":10,"minecraft:raw_copper":46,"minecraft:iron_axe":1,"epicpaladins:bloodstone_gem":7,"epicsamurai:jade":9,"irons_spellbooks:arcane_essence":5,"minecraft:cobbled_deepslate":711,"spartanweaponry:leather_longbow":1,"spartanweaponry:iron_flanged_mace":1,"minecraft:egg":2,"minecraft:furnace":2,"minecraft:tipped_arrow":3,"minecraft:raw_iron":46,"minecraft:stick":3,"minecraft:torch":24,"minecraft:fire_charge":4,"tombstone:grave_dust":14,"minecraft:pointed_dripstone":7,"minecraft:redstone":130,"epicpaladins:cryorium_gem":13,"minecraft:arrow":77,"minecraft:rotten_flesh":75,"sophisticatedbackpacks:copper_backpack":1,"minecraft:mutton":4,"minecraft:obsidian":22,"minecraft:white_wool":3,"minecraft:rail":8,"minecraft:cobblestone":713,"minecraft:andesite":140,"minecraft:potato":3,"paraglider:spirit_orb":2,"minecraft:tuff":7,"minecraft:oak_log":10,"minecraft:gunpowder":11,"minecraft:lapis_lazuli":52,"minecraft:dirt":18,"tombstone:gift":1,"minecraft:bone":130,"spartanweaponry:iron_greatsword":1,"minecraft:bow":3,"minecraft:wheat_seeds":1,"majruszsdifficulty:tattered_leggings":1,"minecraft:raw_gold":5,"minecraft:iron_ingot":4,"epicsamurai:aquamarine":2,"minecraft:oak_planks":6,"spartanweaponry:iron_saber":1,"minecraft:smooth_basalt":11,"irons_spellbooks:frozen_bone":30,"minecraft:red_wool":1,"minecraft:gravel":4,"minecraft:dripstone_block":2,"minecraft:amethyst_shard":16,"minecraft:spider_eye":1,"minecraft:bundle":2,"minecraft:diamond":18,"minecraft:stone_axe":2,"minecraft:gray_wool":1,"tombstone:magic_scroll":2,"minecraft:oak_sapling":2,"minecraft:coal":127,"minecraft:ender_pearl":1},"minecraft:killed_by":{"minecraft:skeleton":1,"minecraft:zombie":2},"minecraft:used":{"minecraft:stone_sword":30,"minecraft:iron_sword":250,"minecraft:torch":33,"minecraft:dirt":17,"minecraft:wooden_axe":34,"minecraft:iron_axe":46,"minecraft:bow":51,"minecraft:furnace":2,"tombstone:gift":11,"minecraft:cobbled_deepslate":27,"spartanweaponry:iron_greatsword":63,"minecraft:water_bucket":11,"simplyswords:diamond_katana":272,"minecraft:stone_pickaxe":530,"minecraft:wooden_pickaxe":6,"minecraft:crafting_table":12,"justhammers:diamond_hammer":27,"spartanweaponry:iron_flanged_mace":25,"justhammers:iron_hammer":83,"majruszsdifficulty:undead_army_treasure_bag":32,"spartanweaponry:iron_saber":14,"minecraft:iron_pickaxe":217,"spartanweaponry:stone_boomerang":11,"minecraft:stone_axe":6,"minecraft:cobblestone":47,"majruszsdifficulty:bandage":1,"minecraft:andesite":6,"minecraft:bucket":12},"minecraft:killed":{"minecraft:cave_spider":5,"minecraft:witch":1,"minecraft:spider":7,"alexsmobs:murmur":1,"minecraft:skeleton":80,"minecraft:silverfish":8,"irons_spellbooks:summoned_skeleton":1,"minecraft:husk":5,"minecraft:zombie_villager":1,"majruszsdifficulty:tank":1,"irons_spellbooks:necromancer":1,"minecraft:creeper":10,"minecraft:sheep":2,"minecraft:zombie":66,"minecraft:stray":6,"minecraft:enderman":1}},"DataVersion":3465}