{"stats":{"minecraft:crafted":{"minecraft:oak_planks":36,"minecraft:furnace":1,"minecraft:bow":3,"minecraft:iron_axe":1,"tombstone:grave_key":2,"botania:flower_bag":1,"justhammers:diamond_hammer":1,"minecraft:stone_pickaxe":5,"spartanweaponry:stone_boomerang":1,"minecraft:crafting_table":2,"minecraft:wooden_pickaxe":1,"minecraft:iron_sword":1,"minecraft:bucket":1,"minecraft:stone_axe":1,"botania:lime_petal":2,"minecraft:air":0,"simplyswords:diamond_katana":1,"justhammers:iron_hammer":1,"minecraft:iron_chestplate":1,"minecraft:stick":40,"minecraft:iron_ingot":18,"minecraft:iron_pickaxe":1,"minecraft:wooden_axe":1,"minecraft:stone_sword":1,"minecraft:torch":36},"minecraft:broken":{"minecraft:iron_boots":1,"majruszsdifficulty:tattered_leggings":1,"minecraft:iron_chestplate":2,"minecraft:iron_leggings":1,"minecraft:chainmail_helmet":1,"minecraft:stone_pickaxe":4,"spartanweaponry:iron_greatsword":1,"majruszsdifficulty:tattered_helmet":1,"minecraft:iron_sword":1,"minecraft:wooden_axe":1},"minecraft:custom":{"minecraft:mob_kills":388,"minecraft:interact_with_crafting_table":20,"minecraft:damage_dealt_resisted":55,"minecraft:leave_game":6,"minecraft:time_since_death":11394,"minecraft:climb_one_cm":1429,"minecraft:sprint_one_cm":378091,"minecraft:walk_one_cm":562665,"minecraft:drop":31,"minecraft:damage_dealt_absorbed":68,"minecraft:play_time":322678,"minecraft:sneak_time":1501,"minecraft:deaths":11,"minecraft:walk_under_water_one_cm":2487,"minecraft:jump":2045,"minecraft:walk_on_water_one_cm":14066,"minecraft:total_world_time":322678,"minecraft:interact_with_furnace":4,"tombstone:raider_killed":2,"minecraft:time_since_rest":10554,"minecraft:damage_absorbed":68,"minecraft:damage_taken":26722,"minecraft:damage_dealt":69457,"minecraft:swim_one_cm":6223,"minecraft:fly_one_cm":296452,"minecraft:open_chest":14,"minecraft:crouch_one_cm":3188,"tombstone:undead_killed":282,"minecraft:fall_one_cm":52737},"minecraft:mined":{"minecraft:large_amethyst_bud":1,"minecraft:tuff":2,"minecraft:deepslate_diamond_ore":10,"minecraft:grass_block":1,"botania:light_gray_mystical_flower":8,"minecraft:spawner":1,"epicsamurai:deepslate_jade_ore":9,"botania:magenta_mystical_flower":16,"minecraft:furnace":2,"minecraft:iron_ore":17,"minecraft:cobbled_deepslate":1,"minecraft:andesite":95,"botania:lime_double_flower":1,"minecraft:deepslate_lapis_ore":8,"immersive_weathering:charred_planks":2,"dynamictrees:spruce_leaves":3,"minecraft:vine":1,"minecraft:deepslate_iron_ore":15,"minecraft:stone":344,"botania:light_blue_mystical_flower":2,"botania:green_mystical_flower":7,"minecraft:deepslate_redstone_ore":23,"botania:lime_mystical_flower":6,"epicpaladins:deepslate_bloodstone_ore":7,"minecraft:amethyst_cluster":4,"minecraft:dandelion":2,"epicsamurai:deepslate_aquamarine_ore":2,"minecraft:crafting_table":11,"minecraft:torch":1,"minecraft:calcite":4,"minecraft:poppy":4,"minecraft:copper_ore":14,"minecraft:tall_grass":2,"minecraft:cobblestone":3,"botania:blue_mystical_flower":10,"minecraft:deepslate_gold_ore":5,"minecraft:oak_planks":1,"immersive_weathering:charred_fence":4,"minecraft:wall_torch":5,"botania:pink_mystical_flower":3,"epicpaladins:deepslate_cryorium_ore":12,"minecraft:grass":16,"minecraft:oak_log":9,"minecraft:coal_ore":69,"minecraft:gravel":1,"minecraft:dirt":2,"minecraft:cobweb":1,"minecraft:smooth_basalt":8,"minecraft:deepslate":94,"minecraft:oak_leaves":4,"botania:magenta_double_flower":2,"minecraft:infested_stone":2,"minecraft:fern":1},"minecraft:dropped":{"minecraft:wheat_seeds":1,"minecraft:cobblestone":128,"minecraft:rail":8,"minecraft:sand":1,"minecraft:string":2,"minecraft:fishing_rod":1,"minecraft:white_wool":2,"minecraft:redstone":9,"minecraft:bone":57,"minecraft:stone_axe":2,"minecraft:cobbled_deepslate":133,"minecraft:pointed_dripstone":1,"minecraft:oak_planks":4,"justhammers:iron_hammer":1,"minecraft:potato":2,"minecraft:spider_eye":5,"minecraft:stone_pickaxe":1,"minecraft:wooden_pickaxe":1,"botania:lime_mystical_flower":1},"minecraft:picked_up":{"irons_spellbooks:scroll":1,"epicsamurai:cloth":1,"minecraft:fishing_rod":1,"minecraft:charcoal":10,"minecraft:crafting_table":12,"minecraft:coarse_dirt":2,"minecraft:gold_block":1,"minecraft:enchanted_book":2,"minecraft:stone_brick_stairs":4,"minecraft:amethyst_block":6,"minecraft:string":23,"minecraft:raw_copper":46,"minecraft:iron_axe":1,"epicsamurai:jade":9,"epicpaladins:bloodstone_gem":7,"botania:magenta_mystical_flower":11,"irons_spellbooks:arcane_essence":5,"alexsmobs:emu_feather":3,"minecraft:cobbled_deepslate":711,"spartanweaponry:leather_longbow":1,"minecraft:poppy":4,"spartanweaponry:iron_flanged_mace":1,"minecraft:furnace":2,"minecraft:egg":2,"minecraft:tipped_arrow":3,"minecraft:stick":3,"minecraft:raw_iron":46,"minecraft:torch":24,"minecraft:fire_charge":4,"botania:lime_double_flower":1,"minecraft:pointed_dripstone":7,"tombstone:grave_dust":31,"minecraft:carrot":1,"minecraft:redstone":130,"minecraft:arrow":119,"minecraft:rotten_flesh":129,"epicpaladins:cryorium_gem":13,"botania:lime_mystical_flower":7,"botania:light_gray_mystical_flower":8,"botania:blue_mystical_flower":10,"sophisticatedbackpacks:copper_backpack":1,"botania:green_mystical_flower":7,"minecraft:obsidian":33,"minecraft:mutton":13,"botania:magenta_double_flower":1,"minecraft:rail":8,"minecraft:white_wool":8,"minecraft:cobblestone":714,"minecraft:feather":1,"minecraft:andesite":140,"immersive_weathering:sandy_dirt":3,"majruszsdifficulty:tattered_helmet":1,"minecraft:potato":3,"paraglider:spirit_orb":2,"minecraft:flint":1,"minecraft:tuff":7,"minecraft:oak_log":10,"minecraft:gunpowder":18,"minecraft:lapis_lazuli":52,"minecraft:dirt":96,"tombstone:gift":1,"minecraft:polished_granite":2,"minecraft:bone":154,"minecraft:stone_bricks":3,"minecraft:bow":4,"spartanweaponry:iron_greatsword":2,"minecraft:wheat_seeds":3,"botania:pink_mystical_flower":3,"majruszsdifficulty:tattered_leggings":1,"minecraft:raw_gold":5,"minecraft:iron_ingot":4,"minecraft:glass_bottle":2,"epicsamurai:aquamarine":2,"spartanweaponry:iron_dagger":1,"minecraft:oak_planks":6,"minecraft:mossy_stone_brick_stairs":4,"spartanweaponry:iron_saber":1,"minecraft:smooth_basalt":11,"irons_spellbooks:frozen_bone":56,"minecraft:stone_brick_slab":2,"minecraft:red_wool":1,"minecraft:dandelion":3,"minecraft:dripstone_block":2,"minecraft:gravel":17,"minecraft:sand":7,"minecraft:amethyst_shard":16,"minecraft:crying_obsidian":1,"minecraft:spider_eye":11,"artifacts:plastic_drinking_hat":1,"minecraft:bundle":3,"minecraft:diamond":18,"minecraft:stone_axe":2,"epicsamurai:jorogumo_eye":2,"minecraft:gray_wool":1,"alexsmobs:maggot":3,"tombstone:magic_scroll":3,"minecraft:oak_sapling":2,"minecraft:netherrack":3,"minecraft:coal":127,"minecraft:ender_pearl":1},"minecraft:killed_by":{"minecraft:skeleton":1,"minecraft:zombie":3},"minecraft:used":{"minecraft:stone_sword":30,"minecraft:iron_sword":250,"minecraft:torch":33,"minecraft:dirt":38,"minecraft:wooden_axe":34,"minecraft:iron_axe":47,"minecraft:bow":51,"minecraft:furnace":2,"tombstone:gift":11,"spartanweaponry:iron_greatsword":63,"minecraft:cobbled_deepslate":27,"minecraft:water_bucket":11,"simplyswords:diamond_katana":865,"minecraft:stone_pickaxe":530,"minecraft:wooden_pickaxe":6,"minecraft:mossy_stone_brick_stairs":2,"justhammers:diamond_hammer":33,"minecraft:crafting_table":13,"spartanweaponry:iron_flanged_mace":25,"justhammers:iron_hammer":83,"majruszsdifficulty:undead_army_treasure_bag":32,"spartanweaponry:iron_saber":14,"minecraft:iron_pickaxe":217,"spartanweaponry:stone_boomerang":11,"tombstone:magic_scroll":7,"tombstone:grave_key":2,"minecraft:stone_axe":6,"minecraft:cobblestone":47,"majruszsdifficulty:bandage":1,"minecraft:andesite":6,"minecraft:bucket":12},"minecraft:killed":{"minecraft:cave_spider":5,"minecraft:witch":2,"minecraft:spider":31,"alexsmobs:murmur":1,"minecraft:slime":15,"minecraft:skeleton":122,"minecraft:silverfish":8,"irons_spellbooks:summoned_skeleton":1,"minecraft:husk":11,"minecraft:zombie_villager":2,"alexsmobs:seal":1,"majruszsdifficulty:tank":2,"epicsamurai:jorogumo":1,"majruszsdifficulty:cursed_armor":1,"irons_spellbooks:necromancer":1,"minecraft:creeper":20,"alexsmobs:emu":1,"minecraft:sheep":7,"minecraft:zombie":129,"minecraft:stray":13,"epicsamurai:komainu":1,"minecraft:enderman":1}},"DataVersion":3465}