{"stats":{"minecraft:crafted":{"minecraft:oak_planks":36,"minecraft:crafting_table":2,"minecraft:stick":24,"minecraft:wooden_pickaxe":1,"minecraft:stone_pickaxe":4,"minecraft:wooden_axe":1,"minecraft:stone_sword":1,"minecraft:torch":24,"minecraft:stone_axe":1,"spartanweaponry:stone_boomerang":1},"minecraft:mined":{"minecraft:andesite":91,"minecraft:crafting_table":4,"minecraft:grass":2,"minecraft:grass_block":1,"minecraft:oak_log":9,"minecraft:coal_ore":69,"minecraft:dirt":1,"minecraft:copper_ore":6,"minecraft:tall_grass":1,"minecraft:stone":340,"minecraft:wall_torch":1,"minecraft:oak_leaves":4,"minecraft:infested_stone":2},"minecraft:killed":{"minecraft:skeleton":2,"minecraft:zombie":5,"minecraft:silverfish":8},"minecraft:used":{"minecraft:wooden_axe":34,"minecraft:stone_sword":20,"minecraft:stone_pickaxe":504,"minecraft:wooden_pickaxe":6,"minecraft:torch":15,"minecraft:stone_axe":5,"minecraft:dirt":15,"minecraft:crafting_table":6,"tombstone:gift":4},"minecraft:custom":{"minecraft:time_since_rest":62211,"minecraft:sprint_one_cm":29227,"minecraft:damage_taken":1510,"minecraft:walk_one_cm":69220,"minecraft:mob_kills":16,"minecraft:damage_dealt":2373,"minecraft:interact_with_crafting_table":9,"minecraft:fly_one_cm":32627,"minecraft:crouch_one_cm":607,"minecraft:play_time":84057,"tombstone:undead_killed":7,"minecraft:deaths":5,"minecraft:sneak_time":221,"minecraft:walk_under_water_one_cm":1079,"minecraft:jump":250,"minecraft:leave_game":2,"minecraft:time_since_death":62457,"minecraft:walk_on_water_one_cm":761,"minecraft:total_world_time":84057,"minecraft:fall_one_cm":4672},"minecraft:broken":{"minecraft:stone_pickaxe":3,"minecraft:wooden_axe":1},"minecraft:killed_by":{"minecraft:zombie":1},"minecraft:picked_up":{"minecraft:crafting_table":5,"minecraft:andesite":90,"minecraft:torch":1,"minecraft:potato":1,"minecraft:oak_log":9,"minecraft:dirt":2,"minecraft:raw_copper":22,"minecraft:bone":2,"minecraft:rotten_flesh":5,"spartanweaponry:leather_longbow":1,"minecraft:oak_sapling":2,"minecraft:mutton":2,"minecraft:coal":69,"minecraft:white_wool":1,"minecraft:cobblestone":339}},"DataVersion":3465}