{"stats":{"minecraft:crafted":{"minecraft:oak_planks":36,"minecraft:iron_chestplate":1,"minecraft:iron_axe":1,"minecraft:crafting_table":2,"minecraft:iron_pickaxe":1,"minecraft:iron_sword":1,"minecraft:stick":28,"minecraft:iron_ingot":17,"minecraft:furnace":1,"minecraft:wooden_pickaxe":1,"minecraft:stone_pickaxe":5,"minecraft:wooden_axe":1,"minecraft:stone_sword":1,"minecraft:torch":24,"minecraft:stone_axe":1,"minecraft:air":0,"spartanweaponry:stone_boomerang":1},"minecraft:mined":{"minecraft:furnace":1,"minecraft:iron_ore":17,"minecraft:andesite":93,"minecraft:torch":1,"minecraft:crafting_table":6,"minecraft:grass":2,"minecraft:grass_block":1,"minecraft:oak_log":9,"minecraft:coal_ore":69,"minecraft:dirt":1,"minecraft:cobblestone":1,"minecraft:copper_ore":6,"minecraft:tall_grass":1,"minecraft:stone":344,"minecraft:wall_torch":5,"minecraft:oak_leaves":4,"minecraft:infested_stone":2},"minecraft:killed":{"minecraft:skeleton":3,"minecraft:zombie":5,"minecraft:spider":2,"minecraft:silverfish":8},"minecraft:used":{"minecraft:wooden_axe":34,"minecraft:stone_sword":30,"minecraft:iron_axe":1,"minecraft:stone_pickaxe":530,"minecraft:iron_pickaxe":1,"spartanweaponry:stone_boomerang":4,"minecraft:wooden_pickaxe":6,"minecraft:torch":23,"minecraft:stone_axe":6,"minecraft:dirt":17,"minecraft:cobblestone":22,"minecraft:crafting_table":8,"minecraft:furnace":1,"minecraft:andesite":6,"tombstone:gift":4},"minecraft:custom":{"minecraft:time_since_rest":86211,"minecraft:interact_with_furnace":2,"minecraft:sprint_one_cm":32779,"minecraft:damage_taken":1990,"minecraft:walk_one_cm":83323,"minecraft:mob_kills":19,"minecraft:damage_dealt":2813,"minecraft:interact_with_crafting_table":12,"minecraft:fly_one_cm":33796,"minecraft:crouch_one_cm":2052,"minecraft:play_time":108057,"tombstone:undead_killed":8,"minecraft:deaths":5,"minecraft:sneak_time":833,"minecraft:walk_under_water_one_cm":1079,"minecraft:jump":297,"minecraft:leave_game":2,"minecraft:time_since_death":86457,"minecraft:walk_on_water_one_cm":2474,"minecraft:total_world_time":108057,"minecraft:fall_one_cm":4672},"minecraft:broken":{"minecraft:stone_pickaxe":4,"minecraft:wooden_axe":1},"minecraft:killed_by":{"minecraft:zombie":1},"minecraft:picked_up":{"minecraft:raw_iron":17,"minecraft:crafting_table":7,"minecraft:andesite":138,"minecraft:torch":6,"minecraft:potato":1,"minecraft:oak_log":9,"minecraft:string":2,"minecraft:dirt":2,"minecraft:arrow":1,"minecraft:raw_copper":22,"minecraft:bone":3,"minecraft:rotten_flesh":5,"spartanweaponry:leather_longbow":1,"minecraft:oak_sapling":2,"minecraft:mutton":2,"minecraft:coal":127,"minecraft:white_wool":1,"minecraft:cobblestone":638,"minecraft:furnace":1}},"DataVersion":3465}