{"stats":{"minecraft:crafted":{"minecraft:oak_planks":36,"minecraft:crafting_table":2,"minecraft:stick":16,"minecraft:wooden_pickaxe":1,"minecraft:stone_pickaxe":2,"minecraft:wooden_axe":1,"minecraft:stone_sword":1,"minecraft:torch":12,"minecraft:stone_axe":1,"spartanweaponry:stone_boomerang":1},"minecraft:mined":{"minecraft:crafting_table":2,"minecraft:grass":2,"minecraft:coal_ore":69,"minecraft:grass_block":1,"minecraft:oak_log":9,"minecraft:tall_grass":1,"minecraft:stone":199,"minecraft:oak_leaves":4},"minecraft:killed":{"minecraft:skeleton":2,"minecraft:zombie":5},"minecraft:used":{"minecraft:wooden_axe":34,"minecraft:stone_pickaxe":262,"minecraft:wooden_pickaxe":6,"minecraft:torch":8,"minecraft:stone_axe":3,"minecraft:dirt":8,"minecraft:crafting_table":4,"tombstone:gift":4},"minecraft:custom":{"minecraft:time_since_rest":24968,"minecraft:sprint_one_cm":29227,"minecraft:damage_taken":1400,"minecraft:walk_one_cm":57108,"minecraft:mob_kills":8,"minecraft:damage_dealt":1731,"minecraft:interact_with_crafting_table":6,"minecraft:fly_one_cm":32388,"minecraft:crouch_one_cm":607,"minecraft:play_time":46814,"tombstone:undead_killed":7,"minecraft:deaths":5,"minecraft:sneak_time":221,"minecraft:walk_under_water_one_cm":1079,"minecraft:jump":244,"minecraft:leave_game":2,"minecraft:walk_on_water_one_cm":761,"minecraft:time_since_death":25214,"minecraft:total_world_time":46814,"minecraft:fall_one_cm":4672},"minecraft:broken":{"minecraft:stone_pickaxe":2,"minecraft:wooden_axe":1},"minecraft:killed_by":{"minecraft:zombie":1},"minecraft:picked_up":{"minecraft:crafting_table":3,"minecraft:potato":1,"minecraft:oak_log":9,"minecraft:dirt":1,"minecraft:bone":2,"minecraft:rotten_flesh":5,"spartanweaponry:leather_longbow":1,"minecraft:oak_sapling":2,"minecraft:mutton":2,"minecraft:coal":69,"minecraft:white_wool":1,"minecraft:cobblestone":199}},"DataVersion":3465}