{"stats":{"minecraft:picked_up":{"irons_spellbooks:scroll":2,"epicsamurai:cloth":1,"minecraft:fishing_rod":1,"minecraft:charcoal":10,"minecraft:coarse_dirt":7,"minecraft:crafting_table":13,"minecraft:gold_block":1,"minecraft:enchanted_book":5,"minecraft:stone_brick_stairs":4,"minecraft:amethyst_block":6,"minecraft:string":32,"minecraft:raw_copper":56,"minecraft:iron_axe":1,"tacz:ammo":300,"epicsamurai:jade":9,"epicpaladins:bloodstone_gem":7,"botania:magenta_mystical_flower":11,"irons_spellbooks:arcane_essence":8,"alexsmobs:emu_feather":3,"minecraft:cobbled_deepslate":711,"minecraft:white_tulip":2,"spartanweaponry:leather_longbow":1,"minecraft:poppy":6,"spartanweaponry:iron_flanged_mace":1,"minecraft:furnace":4,"minecraft:egg":2,"minecraft:tipped_arrow":3,"minecraft:raw_iron":56,"minecraft:stick":10,"minecraft:copper_ingot":1,"minecraft:torch":24,"minecraft:fire_charge":4,"botania:lime_double_flower":1,"minecraft:pointed_dripstone":7,"tombstone:grave_dust":36,"minecraft:carrot":1,"minecraft:redstone":130,"minecraft:arrow":127,"epicpaladins:cryorium_gem":13,"minecraft:rotten_flesh":162,"botania:lime_mystical_flower":7,"botania:light_gray_mystical_flower":8,"botania:blue_mystical_flower":10,"alexsmobs:emu_egg":3,"sophisticatedbackpacks:copper_backpack":1,"majruszsdifficulty:undead_army_treasure_bag":1,"botania:green_mystical_flower":7,"minecraft:obsidian":33,"minecraft:mutton":13,"botania:magenta_double_flower":1,"minecraft:rail":8,"minecraft:white_wool":8,"minecraft:cobblestone":726,"minecraft:feather":1,"minecraft:andesite":140,"immersive_weathering:sandy_dirt":3,"majruszsdifficulty:tattered_helmet":1,"minecraft:potato":3,"paraglider:spirit_orb":2,"minecraft:flint":1,"minecraft:tuff":7,"minecraft:oak_log":17,"botania:flower_bag":1,"minecraft:gunpowder":18,"minecraft:lapis_lazuli":52,"minecraft:dirt":146,"tombstone:gift":1,"minecraft:polished_granite":2,"minecraft:bone":169,"minecraft:wheat_seeds":4,"minecraft:stone_bricks":3,"minecraft:bow":4,"spartanweaponry:iron_greatsword":2,"minecraft:orange_tulip":5,"botania:pink_mystical_flower":3,"majruszsdifficulty:tattered_leggings":2,"minecraft:raw_gold":5,"minecraft:iron_ingot":8,"minecraft:glass_bottle":2,"tacz:gun_smith_table":1,"epicsamurai:aquamarine":2,"spartanweaponry:iron_dagger":1,"minecraft:oak_planks":6,"minecraft:mossy_stone_brick_stairs":4,"spartanweaponry:iron_saber":1,"minecraft:smooth_basalt":11,"irons_spellbooks:frozen_bone":62,"minecraft:stone_brick_slab":2,"minecraft:red_wool":1,"minecraft:dandelion":3,"minecraft:dripstone_block":2,"minecraft:gravel":17,"minecraft:sand":7,"minecraft:amethyst_shard":16,"minecraft:crying_obsidian":1,"minecraft:spider_eye":13,"artifacts:plastic_drinking_hat":1,"minecraft:bundle":3,"minecraft:diamond":18,"minecraft:stone_axe":2,"tacz:modern_kinetic_gun":1,"epicsamurai:jorogumo_eye":2,"minecraft:gray_wool":1,"alexsmobs:maggot":3,"tombstone:magic_scroll":4,"minecraft:oak_sapling":2,"minecraft:netherrack":3,"minecraft:coal":152,"minecraft:ender_pearl":1},"minecraft:custom":{"minecraft:mob_kills":503,"minecraft:interact_with_crafting_table":30,"minecraft:open_barrel":2,"minecraft:damage_dealt_resisted":55,"minecraft:leave_game":9,"minecraft:time_since_death":62835,"minecraft:climb_one_cm":1492,"minecraft:sprint_one_cm":483004,"minecraft:walk_one_cm":733324,"minecraft:drop":61,"minecraft:damage_dealt_absorbed":68,"minecraft:play_time":388674,"minecraft:sneak_time":2343,"minecraft:deaths":12,"minecraft:walk_under_water_one_cm":2487,"minecraft:jump":2400,"minecraft:walk_on_water_one_cm":14066,"minecraft:total_world_time":388674,"minecraft:interact_with_furnace":32,"tombstone:raider_killed":4,"minecraft:time_since_rest":62271,"minecraft:damage_absorbed":68,"minecraft:damage_taken":33993,"minecraft:damage_dealt":82563,"minecraft:swim_one_cm":6223,"minecraft:fly_one_cm":385647,"minecraft:open_chest":14,"minecraft:crouch_one_cm":6053,"tombstone:undead_killed":359,"minecraft:fall_one_cm":62960},"minecraft:crafted":{"minecraft:oak_planks":36,"minecraft:iron_nugget":1,"minecraft:furnace":1,"minecraft:bow":3,"epicpaladins:jade_pickaxe":1,"minecraft:iron_axe":1,"tombstone:grave_key":3,"botania:flower_bag":1,"justhammers:diamond_hammer":1,"minecraft:stone_pickaxe":5,"spartanweaponry:stone_boomerang":1,"minecraft:crafting_table":2,"minecraft:wooden_pickaxe":1,"minecraft:iron_sword":1,"tacz:gun_smith_table":1,"minecraft:copper_ingot":50,"minecraft:bucket":1,"majruszsdifficulty:undead_battle_standard":1,"minecraft:stone_axe":1,"botania:lime_petal":2,"minecraft:air":0,"simplyswords:diamond_katana":1,"justhammers:iron_hammer":1,"minecraft:iron_chestplate":1,"minecraft:stick":40,"minecraft:iron_ingot":43,"minecraft:iron_pickaxe":1,"minecraft:wooden_axe":1,"minecraft:iron_block":1,"minecraft:stone_sword":1,"minecraft:torch":36},"minecraft:dropped":{"minecraft:wheat_seeds":2,"minecraft:glass_bottle":2,"minecraft:orange_tulip":5,"minecraft:cobblestone":195,"botania:flower_bag":1,"minecraft:copper_ingot":1,"minecraft:rail":8,"minecraft:stick":7,"minecraft:dirt":3,"spartanweaponry:iron_flanged_mace":1,"spartanweaponry:iron_greatsword":1,"alexsmobs:emu_feather":2,"minecraft:sand":1,"spartanweaponry:iron_dagger":1,"minecraft:string":4,"minecraft:fishing_rod":1,"minecraft:white_wool":2,"minecraft:redstone":9,"minecraft:bone":59,"minecraft:white_tulip":2,"minecraft:stone_axe":2,"minecraft:iron_nugget":1,"minecraft:cobbled_deepslate":133,"minecraft:pointed_dripstone":1,"minecraft:rotten_flesh":17,"spartanweaponry:iron_saber":2,"minecraft:oak_planks":4,"justhammers:iron_hammer":1,"minecraft:potato":3,"spartanweaponry:stone_boomerang":1,"minecraft:spider_eye":6,"minecraft:wooden_pickaxe":1,"minecraft:stone_pickaxe":1,"botania:lime_mystical_flower":1,"spartanweaponry:studded_club":1,"minecraft:polished_granite":2},"minecraft:killed_by":{"minecraft:skeleton":1,"minecraft:zombie":3},"minecraft:used":{"minecraft:stone_sword":34,"tacz:gun_smith_table":1,"minecraft:iron_sword":250,"minecraft:torch":33,"minecraft:dirt":53,"minecraft:wooden_axe":34,"minecraft:iron_axe":182,"epicpaladins:jade_pickaxe":12,"minecraft:bow":57,"minecraft:furnace":3,"tombstone:gift":11,"spartanweaponry:iron_greatsword":63,"minecraft:cobbled_deepslate":27,"minecraft:water_bucket":11,"simplyswords:diamond_katana":1147,"minecraft:stone_pickaxe":530,"minecraft:wooden_pickaxe":6,"minecraft:mossy_stone_brick_stairs":2,"spartanweaponry:iron_flanged_mace":25,"justhammers:diamond_hammer":36,"minecraft:crafting_table":13,"justhammers:iron_hammer":83,"majruszsdifficulty:undead_army_treasure_bag":34,"spartanweaponry:iron_saber":15,"minecraft:iron_pickaxe":233,"spartanweaponry:stone_boomerang":11,"tombstone:magic_scroll":7,"tombstone:grave_key":3,"minecraft:stone_axe":6,"minecraft:cobblestone":50,"majruszsdifficulty:undead_battle_standard":1,"minecraft:andesite":6,"majruszsdifficulty:bandage":1,"minecraft:bucket":12},"minecraft:broken":{"minecraft:iron_boots":1,"majruszsdifficulty:tattered_leggings":1,"minecraft:iron_chestplate":4,"minecraft:iron_leggings":3,"minecraft:chainmail_helmet":1,"minecraft:stone_pickaxe":4,"spartanweaponry:iron_greatsword":1,"majruszsdifficulty:tattered_helmet":1,"minecraft:iron_sword":1,"minecraft:wooden_axe":1},"minecraft:killed":{"minecraft:cave_spider":5,"irons_spellbooks:summoned_zombie":6,"minecraft:witch":2,"minecraft:spider":46,"alexsmobs:murmur":2,"minecraft:slime":24,"minecraft:skeleton":141,"minecraft:silverfish":8,"irons_spellbooks:summoned_skeleton":3,"minecraft:husk":14,"minecraft:zombie_villager":2,"minecraft:iron_golem":1,"alexsmobs:seal":1,"majruszsdifficulty:tank":3,"majruszsdifficulty:cursed_armor":1,"epicsamurai:jorogumo":1,"irons_spellbooks:necromancer":2,"minecraft:creeper":24,"alexsmobs:emu":1,"minecraft:sheep":7,"minecraft:zombie":171,"minecraft:stray":15,"alexsmobs:fly":4,"epicsamurai:komainu":1,"minecraft:enderman":1},"minecraft:mined":{"minecraft:large_amethyst_bud":1,"minecraft:tuff":2,"minecraft:deepslate_diamond_ore":10,"minecraft:grass_block":1,"tacz:gun_smith_table":1,"botania:light_gray_mystical_flower":8,"minecraft:spawner":1,"epicsamurai:deepslate_jade_ore":9,"botania:magenta_mystical_flower":16,"minecraft:furnace":4,"minecraft:iron_ore":28,"minecraft:cobbled_deepslate":1,"minecraft:andesite":95,"botania:lime_double_flower":1,"minecraft:deepslate_lapis_ore":8,"immersive_weathering:charred_planks":2,"dynamictrees:spruce_leaves":3,"dynamictrees:oak_branch":82,"minecraft:vine":1,"minecraft:deepslate_iron_ore":15,"minecraft:stone":355,"botania:light_blue_mystical_flower":2,"botania:green_mystical_flower":7,"minecraft:deepslate_redstone_ore":23,"botania:lime_mystical_flower":6,"epicpaladins:deepslate_bloodstone_ore":7,"minecraft:amethyst_cluster":4,"minecraft:dandelion":4,"epicsamurai:deepslate_aquamarine_ore":2,"minecraft:crafting_table":12,"minecraft:torch":1,"minecraft:poppy":4,"minecraft:calcite":4,"minecraft:stone_slab":1,"minecraft:copper_ore":14,"minecraft:tall_grass":2,"minecraft:cobblestone":3,"botania:blue_mystical_flower":10,"minecraft:deepslate_gold_ore":5,"minecraft:oak_planks":1,"immersive_weathering:charred_fence":4,"minecraft:wall_torch":5,"minecraft:air":48,"botania:pink_mystical_flower":3,"minecraft:coarse_dirt":3,"epicpaladins:deepslate_cryorium_ore":12,"minecraft:grass":19,"minecraft:coal_ore":69,"minecraft:oak_log":9,"minecraft:gravel":1,"minecraft:dirt":10,"minecraft:cobweb":1,"minecraft:smooth_basalt":8,"minecraft:deepslate":94,"minecraft:oak_leaves":4,"botania:magenta_double_flower":2,"minecraft:fern":2,"minecraft:infested_stone":2}},"DataVersion":3465}