{"stats":{"minecraft:crafted":{"minecraft:oak_planks":16,"minecraft:crafting_table":1,"minecraft:stick":8,"minecraft:wooden_axe":1},"minecraft:mined":{"minecraft:grass":2,"minecraft:grass_block":1,"minecraft:oak_log":9,"minecraft:tall_grass":1,"minecraft:oak_leaves":4,"minecraft:crafting_table":1},"minecraft:killed":{"minecraft:zombie":4},"minecraft:used":{"minecraft:wooden_axe":25,"minecraft:crafting_table":1},"minecraft:custom":{"tombstone:undead_killed":4,"minecraft:time_since_rest":375,"minecraft:crouch_one_cm":392,"minecraft:deaths":4,"minecraft:play_time":21556,"minecraft:sprint_one_cm":21994,"minecraft:damage_taken":1280,"minecraft:walk_one_cm":28777,"minecraft:sneak_time":142,"minecraft:walk_under_water_one_cm":1079,"minecraft:mob_kills":5,"minecraft:jump":159,"minecraft:damage_dealt":961,"minecraft:leave_game":1,"minecraft:time_since_death":560,"minecraft:walk_on_water_one_cm":324,"minecraft:total_world_time":21556,"minecraft:interact_with_crafting_table":1,"minecraft:fall_one_cm":4463,"minecraft:fly_one_cm":28643},"minecraft:killed_by":{"minecraft:zombie":1},"minecraft:picked_up":{"minecraft:crafting_table":1,"minecraft:rotten_flesh":4,"minecraft:potato":1,"minecraft:oak_log":9,"minecraft:oak_sapling":2,"minecraft:white_wool":1,"minecraft:mutton":2,"minecraft:dirt":1}},"DataVersion":3465}