{"stats":{"minecraft:crafted":{"minecraft:oak_planks":36,"minecraft:furnace":1,"minecraft:bow":1,"minecraft:iron_axe":1,"minecraft:stone_pickaxe":5,"justhammers:diamond_hammer":1,"spartanweaponry:stone_boomerang":1,"minecraft:crafting_table":2,"minecraft:wooden_pickaxe":1,"minecraft:iron_sword":1,"minecraft:bucket":1,"minecraft:stone_axe":1,"minecraft:air":0,"simplyswords:diamond_katana":1,"justhammers:iron_hammer":1,"minecraft:iron_chestplate":1,"minecraft:stick":40,"minecraft:iron_ingot":18,"minecraft:iron_pickaxe":1,"minecraft:wooden_axe":1,"minecraft:stone_sword":1,"minecraft:torch":36},"minecraft:broken":{"minecraft:iron_chestplate":1,"minecraft:stone_pickaxe":4,"spartanweaponry:iron_greatsword":1,"minecraft:iron_sword":1,"minecraft:wooden_axe":1},"minecraft:custom":{"minecraft:mob_kills":121,"minecraft:interact_with_crafting_table":19,"minecraft:damage_dealt_resisted":55,"minecraft:leave_game":4,"minecraft:time_since_death":163031,"minecraft:sprint_one_cm":159536,"minecraft:walk_one_cm":324644,"minecraft:drop":23,"minecraft:damage_dealt_absorbed":68,"minecraft:play_time":184631,"minecraft:deaths":5,"minecraft:sneak_time":1260,"minecraft:walk_under_water_one_cm":1079,"minecraft:jump":1105,"minecraft:walk_on_water_one_cm":11352,"minecraft:total_world_time":184631,"minecraft:interact_with_furnace":4,"tombstone:raider_killed":1,"minecraft:time_since_rest":162785,"minecraft:damage_taken":13315,"minecraft:damage_absorbed":68,"minecraft:damage_dealt":23422,"minecraft:fly_one_cm":94007,"minecraft:crouch_one_cm":2812,"tombstone:undead_killed":89,"minecraft:fall_one_cm":22198},"minecraft:mined":{"minecraft:tuff":2,"minecraft:deepslate_diamond_ore":3,"minecraft:grass_block":1,"minecraft:spawner":1,"epicsamurai:deepslate_jade_ore":9,"minecraft:furnace":2,"minecraft:iron_ore":17,"minecraft:cobbled_deepslate":1,"minecraft:andesite":95,"minecraft:deepslate_lapis_ore":8,"immersive_weathering:charred_planks":2,"minecraft:deepslate_iron_ore":15,"minecraft:stone":344,"minecraft:deepslate_redstone_ore":23,"epicpaladins:deepslate_bloodstone_ore":7,"minecraft:amethyst_cluster":1,"epicsamurai:deepslate_aquamarine_ore":2,"minecraft:crafting_table":10,"minecraft:torch":1,"minecraft:tall_grass":1,"minecraft:copper_ore":14,"minecraft:cobblestone":3,"minecraft:deepslate_gold_ore":5,"immersive_weathering:charred_fence":4,"minecraft:wall_torch":5,"epicpaladins:deepslate_cryorium_ore":12,"minecraft:grass":2,"minecraft:oak_log":9,"minecraft:coal_ore":69,"minecraft:gravel":1,"minecraft:dirt":1,"minecraft:cobweb":1,"minecraft:smooth_basalt":1,"minecraft:oak_leaves":4,"minecraft:deepslate":90,"minecraft:infested_stone":2},"minecraft:dropped":{"minecraft:wheat_seeds":1,"minecraft:cobblestone":128,"minecraft:rail":8,"minecraft:fishing_rod":1,"minecraft:redstone":9,"minecraft:stone_axe":2,"minecraft:cobbled_deepslate":133,"minecraft:pointed_dripstone":1,"minecraft:oak_planks":4,"justhammers:iron_hammer":1,"minecraft:potato":2,"minecraft:wooden_pickaxe":1,"minecraft:stone_pickaxe":1},"minecraft:picked_up":{"irons_spellbooks:scroll":1,"minecraft:fishing_rod":1,"minecraft:charcoal":10,"minecraft:crafting_table":11,"minecraft:enchanted_book":1,"minecraft:string":8,"minecraft:raw_copper":46,"minecraft:iron_axe":1,"epicpaladins:bloodstone_gem":7,"epicsamurai:jade":9,"irons_spellbooks:arcane_essence":5,"minecraft:cobbled_deepslate":711,"spartanweaponry:leather_longbow":1,"spartanweaponry:iron_flanged_mace":1,"minecraft:furnace":2,"minecraft:raw_iron":44,"minecraft:stick":2,"minecraft:torch":14,"minecraft:fire_charge":4,"tombstone:grave_dust":9,"minecraft:pointed_dripstone":7,"minecraft:redstone":130,"epicpaladins:cryorium_gem":13,"minecraft:arrow":42,"minecraft:rotten_flesh":47,"sophisticatedbackpacks:copper_backpack":1,"minecraft:mutton":2,"minecraft:obsidian":20,"minecraft:white_wool":1,"minecraft:rail":8,"minecraft:cobblestone":713,"minecraft:andesite":140,"minecraft:potato":3,"paraglider:spirit_orb":2,"minecraft:tuff":7,"minecraft:oak_log":10,"minecraft:gunpowder":7,"minecraft:lapis_lazuli":52,"minecraft:dirt":2,"tombstone:gift":1,"minecraft:bone":47,"spartanweaponry:iron_greatsword":1,"minecraft:bow":2,"minecraft:raw_gold":5,"minecraft:iron_ingot":4,"epicsamurai:aquamarine":2,"minecraft:oak_planks":6,"spartanweaponry:iron_saber":1,"minecraft:smooth_basalt":1,"minecraft:red_wool":1,"minecraft:gravel":4,"minecraft:dripstone_block":2,"minecraft:amethyst_shard":4,"minecraft:spider_eye":1,"minecraft:bundle":2,"minecraft:diamond":11,"minecraft:stone_axe":2,"tombstone:magic_scroll":1,"minecraft:oak_sapling":2,"minecraft:coal":127,"minecraft:ender_pearl":1},"minecraft:killed_by":{"minecraft:zombie":1},"minecraft:used":{"minecraft:stone_sword":30,"minecraft:iron_sword":250,"minecraft:torch":32,"minecraft:dirt":17,"minecraft:wooden_axe":34,"minecraft:iron_axe":45,"minecraft:bow":11,"minecraft:furnace":2,"tombstone:gift":7,"minecraft:cobbled_deepslate":23,"spartanweaponry:iron_greatsword":63,"minecraft:water_bucket":8,"simplyswords:diamond_katana":3,"minecraft:stone_pickaxe":530,"minecraft:wooden_pickaxe":6,"minecraft:crafting_table":12,"justhammers:diamond_hammer":25,"spartanweaponry:iron_flanged_mace":25,"justhammers:iron_hammer":83,"spartanweaponry:iron_saber":14,"minecraft:iron_pickaxe":191,"spartanweaponry:stone_boomerang":11,"minecraft:stone_axe":6,"minecraft:cobblestone":47,"minecraft:andesite":6,"minecraft:bucket":9},"minecraft:killed":{"minecraft:cave_spider":5,"minecraft:witch":1,"minecraft:spider":5,"alexsmobs:murmur":1,"minecraft:skeleton":50,"minecraft:silverfish":8,"irons_spellbooks:necromancer":1,"minecraft:creeper":6,"minecraft:zombie":37,"minecraft:enderman":1}},"DataVersion":3465}