{"stats":{"minecraft:crafted":{"minecraft:oak_planks":36,"minecraft:crafting_table":2,"minecraft:wooden_pickaxe":1,"minecraft:iron_sword":1,"minecraft:furnace":1,"minecraft:stone_axe":1,"minecraft:air":0,"minecraft:iron_chestplate":1,"minecraft:iron_axe":1,"minecraft:stick":28,"minecraft:iron_ingot":17,"minecraft:iron_pickaxe":1,"minecraft:stone_pickaxe":5,"minecraft:wooden_axe":1,"minecraft:stone_sword":1,"minecraft:torch":24,"spartanweaponry:stone_boomerang":1},"minecraft:dropped":{"minecraft:stone_axe":2,"minecraft:wheat_seeds":1,"minecraft:cobbled_deepslate":5,"minecraft:pointed_dripstone":1,"minecraft:cobblestone":128,"minecraft:oak_planks":4,"minecraft:potato":2,"minecraft:stone_pickaxe":1,"minecraft:wooden_pickaxe":1},"minecraft:mined":{"minecraft:tuff":2,"epicpaladins:deepslate_bloodstone_ore":7,"minecraft:deepslate_diamond_ore":2,"minecraft:crafting_table":6,"minecraft:torch":1,"minecraft:grass_block":1,"minecraft:tall_grass":1,"minecraft:copper_ore":14,"minecraft:cobblestone":3,"minecraft:wall_torch":5,"epicsamurai:deepslate_jade_ore":9,"minecraft:furnace":1,"minecraft:iron_ore":17,"epicpaladins:deepslate_cryorium_ore":4,"minecraft:andesite":95,"minecraft:deepslate_lapis_ore":2,"minecraft:grass":2,"minecraft:coal_ore":69,"minecraft:oak_log":9,"minecraft:deepslate_iron_ore":11,"minecraft:dirt":1,"minecraft:stone":344,"minecraft:deepslate":3,"minecraft:oak_leaves":4,"minecraft:infested_stone":2},"minecraft:killed":{"minecraft:spider":4,"minecraft:creeper":1,"minecraft:skeleton":18,"minecraft:zombie":17,"minecraft:silverfish":8},"minecraft:used":{"minecraft:stone_sword":30,"minecraft:stone_pickaxe":530,"minecraft:wooden_pickaxe":6,"minecraft:iron_sword":109,"minecraft:torch":23,"minecraft:dirt":17,"minecraft:crafting_table":8,"spartanweaponry:iron_flanged_mace":25,"minecraft:wooden_axe":34,"spartanweaponry:iron_saber":14,"minecraft:iron_axe":13,"minecraft:iron_pickaxe":53,"spartanweaponry:stone_boomerang":11,"minecraft:stone_axe":6,"minecraft:cobblestone":32,"minecraft:furnace":1,"minecraft:andesite":6,"tombstone:gift":6},"minecraft:custom":{"minecraft:interact_with_furnace":2,"minecraft:mob_kills":53,"minecraft:interact_with_crafting_table":12,"minecraft:leave_game":2,"minecraft:time_since_death":110457,"minecraft:time_since_rest":110211,"minecraft:sprint_one_cm":48377,"minecraft:damage_taken":6977,"minecraft:walk_one_cm":151007,"minecraft:drop":16,"minecraft:damage_dealt":10362,"minecraft:damage_dealt_absorbed":28,"minecraft:fly_one_cm":51437,"minecraft:crouch_one_cm":2054,"minecraft:play_time":132057,"tombstone:undead_killed":35,"minecraft:deaths":5,"minecraft:sneak_time":856,"minecraft:walk_under_water_one_cm":1079,"minecraft:jump":566,"minecraft:walk_on_water_one_cm":2810,"minecraft:total_world_time":132057,"minecraft:fall_one_cm":14447},"minecraft:broken":{"minecraft:stone_pickaxe":4,"minecraft:wooden_axe":1},"minecraft:killed_by":{"minecraft:zombie":1},"minecraft:picked_up":{"minecraft:fishing_rod":1,"minecraft:crafting_table":7,"minecraft:andesite":140,"minecraft:potato":3,"minecraft:enchanted_book":1,"minecraft:tuff":2,"minecraft:oak_log":9,"minecraft:gunpowder":2,"minecraft:lapis_lazuli":13,"minecraft:dirt":2,"minecraft:string":8,"tombstone:gift":1,"minecraft:raw_copper":46,"epicpaladins:bloodstone_gem":7,"epicsamurai:jade":9,"minecraft:bone":7,"minecraft:bow":1,"minecraft:cobbled_deepslate":46,"spartanweaponry:leather_longbow":1,"spartanweaponry:iron_flanged_mace":1,"minecraft:oak_planks":4,"minecraft:furnace":1,"spartanweaponry:iron_saber":1,"minecraft:raw_iron":28,"minecraft:torch":6,"minecraft:dripstone_block":2,"tombstone:grave_dust":1,"minecraft:pointed_dripstone":7,"minecraft:spider_eye":1,"epicpaladins:cryorium_gem":5,"minecraft:arrow":14,"minecraft:rotten_flesh":20,"minecraft:diamond":4,"minecraft:stone_axe":2,"sophisticatedbackpacks:copper_backpack":1,"minecraft:oak_sapling":2,"minecraft:mutton":2,"minecraft:coal":127,"minecraft:white_wool":1,"minecraft:cobblestone":712}},"DataVersion":3465}