{"stats":{"minecraft:crafted":{"minecraft:oak_planks":36,"minecraft:crafting_table":2,"minecraft:wooden_pickaxe":1,"minecraft:iron_sword":1,"minecraft:furnace":1,"minecraft:stone_axe":1,"minecraft:air":0,"justhammers:iron_hammer":1,"minecraft:bow":1,"minecraft:iron_chestplate":1,"minecraft:iron_axe":1,"minecraft:stick":40,"minecraft:iron_ingot":18,"minecraft:iron_pickaxe":1,"minecraft:stone_pickaxe":5,"minecraft:wooden_axe":1,"minecraft:stone_sword":1,"minecraft:torch":24,"spartanweaponry:stone_boomerang":1},"minecraft:custom":{"minecraft:interact_with_furnace":4,"minecraft:mob_kills":112,"tombstone:raider_killed":1,"minecraft:interact_with_crafting_table":16,"minecraft:damage_dealt_resisted":55,"minecraft:leave_game":4,"minecraft:time_since_death":151031,"minecraft:damage_absorbed":68,"minecraft:time_since_rest":150785,"minecraft:damage_taken":12172,"minecraft:sprint_one_cm":126740,"minecraft:walk_one_cm":273038,"minecraft:drop":17,"minecraft:damage_dealt":21581,"minecraft:damage_dealt_absorbed":68,"minecraft:fly_one_cm":78628,"minecraft:crouch_one_cm":2054,"minecraft:play_time":172631,"minecraft:sneak_time":856,"tombstone:undead_killed":86,"minecraft:deaths":5,"minecraft:walk_under_water_one_cm":1079,"minecraft:jump":961,"minecraft:walk_on_water_one_cm":8028,"minecraft:total_world_time":172631,"minecraft:fall_one_cm":19046},"minecraft:broken":{"minecraft:stone_pickaxe":4,"spartanweaponry:iron_greatsword":1,"minecraft:iron_chestplate":1,"minecraft:wooden_axe":1},"minecraft:mined":{"minecraft:deepslate_redstone_ore":23,"minecraft:tuff":2,"epicpaladins:deepslate_bloodstone_ore":7,"minecraft:deepslate_diamond_ore":3,"minecraft:amethyst_cluster":1,"epicsamurai:deepslate_aquamarine_ore":2,"minecraft:crafting_table":7,"minecraft:torch":1,"minecraft:grass_block":1,"minecraft:copper_ore":14,"minecraft:tall_grass":1,"minecraft:cobblestone":3,"minecraft:deepslate_gold_ore":5,"immersive_weathering:charred_fence":4,"minecraft:wall_torch":5,"epicsamurai:deepslate_jade_ore":9,"minecraft:furnace":2,"minecraft:iron_ore":17,"epicpaladins:deepslate_cryorium_ore":12,"minecraft:andesite":95,"minecraft:deepslate_lapis_ore":8,"immersive_weathering:charred_planks":2,"minecraft:grass":2,"minecraft:coal_ore":69,"minecraft:oak_log":9,"minecraft:deepslate_iron_ore":14,"minecraft:gravel":1,"minecraft:dirt":1,"minecraft:smooth_basalt":1,"minecraft:stone":344,"minecraft:oak_leaves":4,"minecraft:deepslate":83,"minecraft:infested_stone":2},"minecraft:dropped":{"minecraft:stone_axe":2,"minecraft:wheat_seeds":1,"minecraft:cobbled_deepslate":5,"minecraft:pointed_dripstone":1,"minecraft:cobblestone":128,"minecraft:oak_planks":4,"minecraft:potato":2,"minecraft:stone_pickaxe":1,"minecraft:wooden_pickaxe":1,"minecraft:fishing_rod":1},"minecraft:picked_up":{"irons_spellbooks:scroll":1,"minecraft:fishing_rod":1,"minecraft:charcoal":10,"minecraft:crafting_table":8,"minecraft:andesite":140,"minecraft:potato":3,"minecraft:enchanted_book":1,"minecraft:tuff":7,"minecraft:oak_log":10,"minecraft:gunpowder":5,"minecraft:lapis_lazuli":52,"minecraft:string":8,"minecraft:dirt":2,"tombstone:gift":1,"minecraft:raw_copper":46,"minecraft:iron_axe":1,"epicsamurai:jade":9,"epicpaladins:bloodstone_gem":7,"minecraft:bone":47,"minecraft:bow":2,"spartanweaponry:iron_greatsword":1,"irons_spellbooks:arcane_essence":2,"minecraft:cobbled_deepslate":374,"minecraft:raw_gold":5,"minecraft:iron_ingot":4,"spartanweaponry:leather_longbow":1,"epicsamurai:aquamarine":2,"spartanweaponry:iron_flanged_mace":1,"minecraft:oak_planks":6,"minecraft:furnace":2,"spartanweaponry:iron_saber":1,"minecraft:stick":2,"minecraft:raw_iron":41,"minecraft:smooth_basalt":1,"minecraft:red_wool":1,"minecraft:torch":13,"minecraft:dripstone_block":2,"minecraft:gravel":4,"minecraft:fire_charge":4,"minecraft:amethyst_shard":4,"minecraft:pointed_dripstone":7,"tombstone:grave_dust":9,"minecraft:redstone":130,"minecraft:spider_eye":1,"minecraft:bundle":2,"minecraft:arrow":42,"minecraft:rotten_flesh":46,"epicpaladins:cryorium_gem":13,"minecraft:diamond":5,"minecraft:stone_axe":2,"sophisticatedbackpacks:copper_backpack":1,"tombstone:magic_scroll":1,"minecraft:oak_sapling":2,"minecraft:mutton":2,"minecraft:coal":127,"minecraft:white_wool":1,"minecraft:cobblestone":712,"minecraft:ender_pearl":1},"minecraft:killed_by":{"minecraft:zombie":1},"minecraft:used":{"minecraft:stone_sword":30,"minecraft:stone_pickaxe":530,"minecraft:wooden_pickaxe":6,"minecraft:iron_sword":230,"minecraft:torch":26,"minecraft:dirt":17,"minecraft:crafting_table":9,"spartanweaponry:iron_flanged_mace":25,"justhammers:iron_hammer":27,"minecraft:wooden_axe":34,"spartanweaponry:iron_saber":14,"minecraft:iron_axe":32,"spartanweaponry:stone_boomerang":11,"minecraft:iron_pickaxe":185,"minecraft:stone_axe":6,"minecraft:bow":11,"minecraft:cobblestone":47,"minecraft:furnace":2,"minecraft:andesite":6,"tombstone:gift":7,"spartanweaponry:iron_greatsword":63},"minecraft:killed":{"minecraft:witch":1,"minecraft:spider":5,"alexsmobs:murmur":1,"irons_spellbooks:necromancer":1,"minecraft:creeper":5,"minecraft:skeleton":47,"minecraft:zombie":37,"minecraft:silverfish":8,"minecraft:enderman":1}},"DataVersion":3465}