{"stats":{"minecraft:picked_up":{"irons_spellbooks:scroll":1,"epicsamurai:cloth":1,"minecraft:fishing_rod":1,"minecraft:charcoal":10,"minecraft:coarse_dirt":7,"minecraft:crafting_table":13,"minecraft:gold_block":1,"minecraft:enchanted_book":2,"minecraft:stone_brick_stairs":4,"minecraft:amethyst_block":6,"minecraft:string":28,"minecraft:raw_copper":56,"minecraft:iron_axe":1,"tacz:ammo":300,"epicsamurai:jade":9,"epicpaladins:bloodstone_gem":7,"botania:magenta_mystical_flower":11,"irons_spellbooks:arcane_essence":5,"alexsmobs:emu_feather":3,"minecraft:cobbled_deepslate":711,"spartanweaponry:leather_longbow":1,"minecraft:poppy":4,"spartanweaponry:iron_flanged_mace":1,"minecraft:furnace":4,"minecraft:egg":2,"minecraft:tipped_arrow":3,"minecraft:stick":10,"minecraft:raw_iron":56,"minecraft:copper_ingot":1,"minecraft:torch":24,"minecraft:fire_charge":4,"botania:lime_double_flower":1,"minecraft:pointed_dripstone":7,"tombstone:grave_dust":31,"minecraft:carrot":1,"minecraft:redstone":130,"minecraft:arrow":120,"epicpaladins:cryorium_gem":13,"minecraft:rotten_flesh":136,"botania:lime_mystical_flower":7,"botania:light_gray_mystical_flower":8,"botania:blue_mystical_flower":10,"alexsmobs:emu_egg":3,"sophisticatedbackpacks:copper_backpack":1,"majruszsdifficulty:undead_army_treasure_bag":1,"botania:green_mystical_flower":7,"minecraft:obsidian":33,"minecraft:mutton":13,"botania:magenta_double_flower":1,"minecraft:rail":8,"minecraft:white_wool":8,"minecraft:cobblestone":723,"minecraft:feather":1,"minecraft:andesite":140,"immersive_weathering:sandy_dirt":3,"majruszsdifficulty:tattered_helmet":1,"minecraft:potato":3,"paraglider:spirit_orb":2,"minecraft:flint":1,"minecraft:tuff":7,"minecraft:oak_log":17,"botania:flower_bag":1,"minecraft:gunpowder":18,"minecraft:lapis_lazuli":52,"minecraft:dirt":108,"tombstone:gift":1,"minecraft:polished_granite":2,"minecraft:bone":158,"minecraft:stone_bricks":3,"minecraft:bow":4,"spartanweaponry:iron_greatsword":2,"minecraft:wheat_seeds":4,"botania:pink_mystical_flower":3,"majruszsdifficulty:tattered_leggings":1,"minecraft:raw_gold":5,"minecraft:iron_ingot":4,"tacz:gun_smith_table":1,"minecraft:glass_bottle":2,"epicsamurai:aquamarine":2,"spartanweaponry:iron_dagger":1,"minecraft:oak_planks":6,"minecraft:mossy_stone_brick_stairs":4,"spartanweaponry:iron_saber":1,"minecraft:smooth_basalt":11,"irons_spellbooks:frozen_bone":56,"minecraft:stone_brick_slab":2,"minecraft:red_wool":1,"minecraft:dandelion":3,"minecraft:dripstone_block":2,"minecraft:gravel":17,"minecraft:sand":7,"minecraft:amethyst_shard":16,"minecraft:crying_obsidian":1,"minecraft:spider_eye":13,"artifacts:plastic_drinking_hat":1,"minecraft:bundle":3,"minecraft:diamond":18,"tacz:modern_kinetic_gun":1,"minecraft:stone_axe":2,"epicsamurai:jorogumo_eye":2,"minecraft:gray_wool":1,"alexsmobs:maggot":3,"tombstone:magic_scroll":3,"minecraft:oak_sapling":2,"minecraft:netherrack":3,"minecraft:coal":152,"minecraft:ender_pearl":1},"minecraft:custom":{"minecraft:mob_kills":425,"minecraft:interact_with_crafting_table":30,"minecraft:open_barrel":2,"minecraft:damage_dealt_resisted":55,"minecraft:leave_game":8,"minecraft:time_since_death":41856,"minecraft:climb_one_cm":1492,"minecraft:sprint_one_cm":433626,"minecraft:walk_one_cm":622169,"minecraft:drop":41,"minecraft:damage_dealt_absorbed":68,"minecraft:play_time":367695,"minecraft:sneak_time":2233,"minecraft:deaths":12,"minecraft:walk_under_water_one_cm":2487,"minecraft:jump":2202,"minecraft:walk_on_water_one_cm":14066,"minecraft:total_world_time":367695,"minecraft:interact_with_furnace":32,"tombstone:raider_killed":2,"minecraft:time_since_rest":41292,"minecraft:damage_absorbed":68,"minecraft:damage_taken":29299,"minecraft:damage_dealt":75393,"minecraft:swim_one_cm":6223,"minecraft:fly_one_cm":335285,"minecraft:open_chest":14,"minecraft:crouch_one_cm":5288,"tombstone:undead_killed":298,"minecraft:fall_one_cm":58621},"minecraft:crafted":{"minecraft:oak_planks":36,"minecraft:iron_nugget":1,"minecraft:furnace":1,"minecraft:bow":3,"epicpaladins:jade_pickaxe":1,"minecraft:iron_axe":1,"tombstone:grave_key":3,"botania:flower_bag":1,"justhammers:diamond_hammer":1,"minecraft:stone_pickaxe":5,"spartanweaponry:stone_boomerang":1,"minecraft:crafting_table":2,"minecraft:wooden_pickaxe":1,"minecraft:iron_sword":1,"tacz:gun_smith_table":1,"minecraft:copper_ingot":50,"minecraft:bucket":1,"majruszsdifficulty:undead_battle_standard":1,"minecraft:stone_axe":1,"botania:lime_petal":2,"minecraft:air":0,"simplyswords:diamond_katana":1,"justhammers:iron_hammer":1,"minecraft:iron_chestplate":1,"minecraft:stick":40,"minecraft:iron_ingot":43,"minecraft:iron_pickaxe":1,"minecraft:wooden_axe":1,"minecraft:iron_block":1,"minecraft:stone_sword":1,"minecraft:torch":36},"minecraft:dropped":{"minecraft:wheat_seeds":2,"minecraft:cobblestone":128,"botania:flower_bag":1,"minecraft:rail":8,"minecraft:dirt":3,"minecraft:sand":1,"spartanweaponry:iron_dagger":1,"minecraft:string":2,"minecraft:fishing_rod":1,"minecraft:white_wool":2,"minecraft:redstone":9,"minecraft:bone":59,"minecraft:stone_axe":2,"minecraft:iron_nugget":1,"minecraft:cobbled_deepslate":133,"minecraft:pointed_dripstone":1,"minecraft:oak_planks":4,"justhammers:iron_hammer":1,"minecraft:potato":3,"minecraft:spider_eye":6,"minecraft:stone_pickaxe":1,"minecraft:wooden_pickaxe":1,"botania:lime_mystical_flower":1},"minecraft:killed_by":{"minecraft:skeleton":1,"minecraft:zombie":3},"minecraft:used":{"minecraft:stone_sword":34,"tacz:gun_smith_table":1,"minecraft:iron_sword":250,"minecraft:torch":33,"minecraft:dirt":53,"minecraft:wooden_axe":34,"minecraft:iron_axe":182,"epicpaladins:jade_pickaxe":2,"minecraft:bow":57,"minecraft:furnace":3,"tombstone:gift":11,"spartanweaponry:iron_greatsword":63,"minecraft:cobbled_deepslate":27,"minecraft:water_bucket":11,"simplyswords:diamond_katana":990,"minecraft:stone_pickaxe":530,"minecraft:wooden_pickaxe":6,"minecraft:mossy_stone_brick_stairs":2,"spartanweaponry:iron_flanged_mace":25,"justhammers:diamond_hammer":33,"minecraft:crafting_table":13,"justhammers:iron_hammer":83,"majruszsdifficulty:undead_army_treasure_bag":33,"spartanweaponry:iron_saber":15,"minecraft:iron_pickaxe":233,"spartanweaponry:stone_boomerang":11,"tombstone:magic_scroll":7,"tombstone:grave_key":3,"minecraft:stone_axe":6,"minecraft:cobblestone":50,"minecraft:andesite":6,"majruszsdifficulty:bandage":1,"minecraft:bucket":12},"minecraft:broken":{"minecraft:iron_boots":1,"majruszsdifficulty:tattered_leggings":1,"minecraft:iron_chestplate":3,"minecraft:iron_leggings":2,"minecraft:chainmail_helmet":1,"minecraft:stone_pickaxe":4,"spartanweaponry:iron_greatsword":1,"majruszsdifficulty:tattered_helmet":1,"minecraft:iron_sword":1,"minecraft:wooden_axe":1},"minecraft:killed":{"minecraft:cave_spider":5,"minecraft:witch":2,"minecraft:spider":38,"alexsmobs:murmur":2,"minecraft:slime":24,"minecraft:skeleton":127,"minecraft:silverfish":8,"irons_spellbooks:summoned_skeleton":1,"minecraft:husk":11,"minecraft:zombie_villager":2,"alexsmobs:seal":1,"majruszsdifficulty:tank":2,"majruszsdifficulty:cursed_armor":1,"epicsamurai:jorogumo":1,"irons_spellbooks:necromancer":1,"minecraft:creeper":23,"alexsmobs:emu":1,"minecraft:sheep":7,"minecraft:zombie":139,"minecraft:stray":13,"epicsamurai:komainu":1,"minecraft:enderman":1},"minecraft:mined":{"minecraft:large_amethyst_bud":1,"minecraft:tuff":2,"minecraft:deepslate_diamond_ore":10,"minecraft:grass_block":1,"tacz:gun_smith_table":1,"botania:light_gray_mystical_flower":8,"minecraft:spawner":1,"epicsamurai:deepslate_jade_ore":9,"botania:magenta_mystical_flower":16,"minecraft:furnace":4,"minecraft:iron_ore":28,"minecraft:cobbled_deepslate":1,"minecraft:andesite":95,"botania:lime_double_flower":1,"minecraft:deepslate_lapis_ore":8,"immersive_weathering:charred_planks":2,"dynamictrees:spruce_leaves":3,"dynamictrees:oak_branch":82,"minecraft:vine":1,"minecraft:deepslate_iron_ore":15,"minecraft:stone":349,"botania:light_blue_mystical_flower":2,"botania:green_mystical_flower":7,"minecraft:deepslate_redstone_ore":23,"botania:lime_mystical_flower":6,"epicpaladins:deepslate_bloodstone_ore":7,"minecraft:amethyst_cluster":4,"minecraft:dandelion":2,"epicsamurai:deepslate_aquamarine_ore":2,"minecraft:crafting_table":12,"minecraft:torch":1,"minecraft:poppy":4,"minecraft:calcite":4,"minecraft:copper_ore":14,"minecraft:tall_grass":2,"minecraft:cobblestone":3,"botania:blue_mystical_flower":10,"minecraft:deepslate_gold_ore":5,"minecraft:oak_planks":1,"immersive_weathering:charred_fence":4,"minecraft:wall_torch":5,"minecraft:air":48,"botania:pink_mystical_flower":3,"minecraft:coarse_dirt":3,"epicpaladins:deepslate_cryorium_ore":12,"minecraft:grass":17,"minecraft:oak_log":9,"minecraft:coal_ore":69,"minecraft:gravel":1,"minecraft:dirt":7,"minecraft:cobweb":1,"minecraft:smooth_basalt":8,"minecraft:deepslate":94,"minecraft:oak_leaves":4,"botania:magenta_double_flower":2,"minecraft:fern":2,"minecraft:infested_stone":2}},"DataVersion":3465}